evaluation,cluster_unit,source_database,target_database,endpoint,model,n_clusters,auroc_lo,auroc_hi
external,hospital,MIMIC-III,eICU,next_aki_progression,demographic,138,0.47083577590293924,0.501987134171976
external,hospital,MIMIC-III,eICU,next_aki_progression,xgboost,138,0.5056496980320382,0.5299530461016916
external,hospital,MIMIC-III,eICU,next_aki_progression,random_transformer,138,0.5146866817339738,0.5416354238028626
external,hospital,MIMIC-III,eICU,next_aki_progression,semantic_transformer,138,0.4805991032372278,0.5229783735267174
external,hospital,MIMIC-III,eICU,next_aki_stage2plus,demographic,138,0.5083168306504259,0.5298486751400167
external,hospital,MIMIC-III,eICU,next_aki_stage2plus,xgboost,138,0.5161935364954893,0.5379715681602834
external,hospital,MIMIC-III,eICU,next_aki_stage2plus,random_transformer,138,0.5084904697744439,0.5308643946878441
external,hospital,MIMIC-III,eICU,next_aki_stage2plus,semantic_transformer,138,0.5117980947691826,0.5369070141093606
external,hospital,MIMIC-III,eICU,next_aki_stage3,demographic,138,0.5142348800637402,0.5380816756419722
external,hospital,MIMIC-III,eICU,next_aki_stage3,xgboost,138,0.5376784657417925,0.5673916735637777
external,hospital,MIMIC-III,eICU,next_aki_stage3,random_transformer,138,0.5376407684844942,0.5725796081901084
external,hospital,MIMIC-III,eICU,next_aki_stage3,semantic_transformer,138,0.55546615034636,0.6136368055108403
external,hospital,MIMIC-III,eICU,hospital_death,demographic,138,0.5639016146589169,0.5953257995492304
external,hospital,MIMIC-III,eICU,hospital_death,xgboost,138,0.569777767541373,0.5967589629758275
external,hospital,MIMIC-III,eICU,hospital_death,random_transformer,138,0.5723861604828704,0.599713795339352
external,hospital,MIMIC-III,eICU,hospital_death,semantic_transformer,138,0.6156574912841676,0.6483223385271047
external,hospital,MIMIC-III,eICU,icu_death,demographic,138,0.4840012400676367,0.5245678257912122
external,hospital,MIMIC-III,eICU,icu_death,xgboost,138,0.5358223991800423,0.5721228888009103
external,hospital,MIMIC-III,eICU,icu_death,random_transformer,138,0.5360579190678019,0.5801787059495234
external,hospital,MIMIC-III,eICU,icu_death,semantic_transformer,138,0.592862719828433,0.6406936831370219
external,hospital,MIMIC-IV,eICU,next_aki_progression,demographic,138,0.48237665972031335,0.5180213426967212
external,hospital,MIMIC-IV,eICU,next_aki_progression,xgboost,138,0.5126431763489682,0.5453412236652866
external,hospital,MIMIC-IV,eICU,next_aki_progression,random_transformer,138,0.5163604690396877,0.5435541559275813
external,hospital,MIMIC-IV,eICU,next_aki_progression,semantic_transformer,138,0.4966147011416605,0.5339210929838353
external,hospital,MIMIC-IV,eICU,next_aki_stage2plus,demographic,138,0.5095233513883044,0.5317769924255774
external,hospital,MIMIC-IV,eICU,next_aki_stage2plus,xgboost,138,0.5110494999513128,0.5300753862127823
external,hospital,MIMIC-IV,eICU,next_aki_stage2plus,random_transformer,138,0.5087648205579837,0.5357228137864747
external,hospital,MIMIC-IV,eICU,next_aki_stage2plus,semantic_transformer,138,0.49112662873967006,0.5196827984307875
external,hospital,MIMIC-IV,eICU,next_aki_stage3,demographic,138,0.5138666169517311,0.537218443345415
external,hospital,MIMIC-IV,eICU,next_aki_stage3,xgboost,138,0.537413974358102,0.565789802957365
external,hospital,MIMIC-IV,eICU,next_aki_stage3,random_transformer,138,0.5396660238640573,0.5693807961142542
external,hospital,MIMIC-IV,eICU,next_aki_stage3,semantic_transformer,138,0.510586924597769,0.5481464871914378
external,hospital,MIMIC-IV,eICU,hospital_death,demographic,138,0.5710152741463447,0.6042423479729688
external,hospital,MIMIC-IV,eICU,hospital_death,xgboost,138,0.5725521207163513,0.6057103976760909
external,hospital,MIMIC-IV,eICU,hospital_death,random_transformer,138,0.5748186576689357,0.6068223406616893
external,hospital,MIMIC-IV,eICU,hospital_death,semantic_transformer,138,0.6476012427206264,0.6754517639087855
external,hospital,MIMIC-IV,eICU,icu_death,demographic,138,0.5008193532897524,0.5416886627455958
external,hospital,MIMIC-IV,eICU,icu_death,xgboost,138,0.5350726762688994,0.5764978995006153
external,hospital,MIMIC-IV,eICU,icu_death,random_transformer,138,0.5352197758225129,0.5741006562529571
external,hospital,MIMIC-IV,eICU,icu_death,semantic_transformer,138,0.6398622327927928,0.6807050997129412
lodo,hospital,MIMIC-III + MIMIC-IV,eICU,next_aki_progression,demographic,138,0.48984681797860785,0.5197967118292828
lodo,hospital,MIMIC-III + MIMIC-IV,eICU,next_aki_progression,xgboost,138,0.5109645835858215,0.5412816397822403
lodo,hospital,MIMIC-III + MIMIC-IV,eICU,next_aki_progression,random_transformer,138,0.5215419000394645,0.5523444987590148
lodo,hospital,MIMIC-III + MIMIC-IV,eICU,next_aki_progression,semantic_transformer,138,0.5016730098935895,0.5368918894538167
lodo,hospital,MIMIC-III + MIMIC-IV,eICU,next_aki_stage2plus,demographic,138,0.5155366879886083,0.5387975925459176
lodo,hospital,MIMIC-III + MIMIC-IV,eICU,next_aki_stage2plus,xgboost,138,0.5176125317469288,0.5404109953274685
lodo,hospital,MIMIC-III + MIMIC-IV,eICU,next_aki_stage2plus,random_transformer,138,0.5096584003923246,0.5364450058691839
lodo,hospital,MIMIC-III + MIMIC-IV,eICU,next_aki_stage2plus,semantic_transformer,138,0.5158960466621763,0.5361534306838446
lodo,hospital,MIMIC-III + MIMIC-IV,eICU,next_aki_stage3,demographic,138,0.5320194804823233,0.559019482490134
lodo,hospital,MIMIC-III + MIMIC-IV,eICU,next_aki_stage3,xgboost,138,0.5406838797006996,0.569097621842956
lodo,hospital,MIMIC-III + MIMIC-IV,eICU,next_aki_stage3,random_transformer,138,0.5353574025382959,0.5668613929807019
lodo,hospital,MIMIC-III + MIMIC-IV,eICU,next_aki_stage3,semantic_transformer,138,0.5512129754090496,0.6019792546578773
lodo,hospital,MIMIC-III + MIMIC-IV,eICU,hospital_death,demographic,138,0.5694089870937068,0.6039131375754764
lodo,hospital,MIMIC-III + MIMIC-IV,eICU,hospital_death,xgboost,138,0.5676380321400777,0.603190336248707
lodo,hospital,MIMIC-III + MIMIC-IV,eICU,hospital_death,random_transformer,138,0.568652342559498,0.6003494222571852
lodo,hospital,MIMIC-III + MIMIC-IV,eICU,hospital_death,semantic_transformer,138,0.6324113140614719,0.6646036589796224
lodo,hospital,MIMIC-III + MIMIC-IV,eICU,icu_death,demographic,138,0.5383788140574391,0.5746650779869733
lodo,hospital,MIMIC-III + MIMIC-IV,eICU,icu_death,xgboost,138,0.5379915090589855,0.5768251646816667
lodo,hospital,MIMIC-III + MIMIC-IV,eICU,icu_death,random_transformer,138,0.5358903209616324,0.568226908626849
lodo,hospital,MIMIC-III + MIMIC-IV,eICU,icu_death,semantic_transformer,138,0.6312206402961416,0.6639949562981061
