mode,mode_class,uncertainty_unit,source_database,target_database,endpoint,model,n_clusters,bootstrap_reps_requested,bootstrap_reps_valid,auroc_lo,auroc_hi,delta_semantic_minus_model_lo,delta_semantic_minus_model_hi
medication_only,prespecified conservative timing sensitivity,episode,MIMIC-III + MIMIC-IV,eICU,next_aki_progression,demographic,18776,1000,1000,0.49495071265111196,0.5209218880690067,0.005807320980187612,0.035912283116296476
medication_only,prespecified conservative timing sensitivity,episode,MIMIC-III + MIMIC-IV,eICU,next_aki_progression,xgboost,18776,1000,1000,0.5131820353242545,0.5389451812676824,-0.008516167163848915,0.012899788828154266
medication_only,prespecified conservative timing sensitivity,episode,MIMIC-III + MIMIC-IV,eICU,next_aki_progression,random_transformer,18776,1000,1000,0.5101141015315546,0.5359944516265187,-0.006766018446835917,0.01726228562979224
medication_only,prespecified conservative timing sensitivity,episode,MIMIC-III + MIMIC-IV,eICU,next_aki_progression,semantic_transformer,18776,1000,1000,0.5156171434470834,0.5423316389166987,,
medication_only,prespecified conservative timing sensitivity,episode,MIMIC-III + MIMIC-IV,eICU,next_aki_stage2plus,demographic,18776,1000,1000,0.5186279636194469,0.5351710635440369,-0.029550053130207372,-0.012367297823423424
medication_only,prespecified conservative timing sensitivity,episode,MIMIC-III + MIMIC-IV,eICU,next_aki_stage2plus,xgboost,18776,1000,1000,0.5210622625823604,0.5377094012950593,-0.03172197765336886,-0.01470425905479413
medication_only,prespecified conservative timing sensitivity,episode,MIMIC-III + MIMIC-IV,eICU,next_aki_stage2plus,random_transformer,18776,1000,1000,0.5173894086607959,0.5342923754793871,-0.02876933724627503,-0.011715831197837272
medication_only,prespecified conservative timing sensitivity,episode,MIMIC-III + MIMIC-IV,eICU,next_aki_stage2plus,semantic_transformer,18776,1000,1000,0.4978059718019553,0.514541216882809,,
medication_only,prespecified conservative timing sensitivity,episode,MIMIC-III + MIMIC-IV,eICU,next_aki_stage3,demographic,18776,1000,1000,0.5330939993734346,0.5545280645976234,-0.017621660380361,0.004341604884088798
medication_only,prespecified conservative timing sensitivity,episode,MIMIC-III + MIMIC-IV,eICU,next_aki_stage3,xgboost,18776,1000,1000,0.543040488285289,0.5642327871940337,-0.026957081237376414,-0.007377290178750071
medication_only,prespecified conservative timing sensitivity,episode,MIMIC-III + MIMIC-IV,eICU,next_aki_stage3,random_transformer,18776,1000,1000,0.5382196656102909,0.5594827800310849,-0.021666903943456873,-0.0019229864475419482
medication_only,prespecified conservative timing sensitivity,episode,MIMIC-III + MIMIC-IV,eICU,next_aki_stage3,semantic_transformer,18776,1000,1000,0.5253713220247275,0.5484031463862337,,
medication_only,prespecified conservative timing sensitivity,episode,MIMIC-III + MIMIC-IV,eICU,hospital_death,demographic,18776,1000,1000,0.5768627516887601,0.6010122320193142,0.036601123699718636,0.0570638736349737
medication_only,prespecified conservative timing sensitivity,episode,MIMIC-III + MIMIC-IV,eICU,hospital_death,xgboost,18776,1000,1000,0.5754874176875207,0.5998052462936292,0.0381222236081484,0.05837098110405822
medication_only,prespecified conservative timing sensitivity,episode,MIMIC-III + MIMIC-IV,eICU,hospital_death,random_transformer,18776,1000,1000,0.5756173987558956,0.6004702775992234,0.03780218593336201,0.058393699091505206
medication_only,prespecified conservative timing sensitivity,episode,MIMIC-III + MIMIC-IV,eICU,hospital_death,semantic_transformer,18776,1000,1000,0.6238385748300569,0.6467159999466242,,
medication_only,prespecified conservative timing sensitivity,episode,MIMIC-III + MIMIC-IV,eICU,icu_death,demographic,18774,1000,1000,0.5424053606700083,0.572180089007744,0.054191574401406456,0.08266195574260753
medication_only,prespecified conservative timing sensitivity,episode,MIMIC-III + MIMIC-IV,eICU,icu_death,xgboost,18774,1000,1000,0.5431805929531665,0.5727008778689424,0.05411408364670737,0.08293225145539002
medication_only,prespecified conservative timing sensitivity,episode,MIMIC-III + MIMIC-IV,eICU,icu_death,random_transformer,18774,1000,1000,0.5438150679933919,0.5741314335930491,0.05288425674966602,0.08271729714444134
medication_only,prespecified conservative timing sensitivity,episode,MIMIC-III + MIMIC-IV,eICU,icu_death,semantic_transformer,18774,1000,1000,0.6111426195688388,0.6416397564856076,,
medication_only,prespecified conservative timing sensitivity,patient,MIMIC-III + MIMIC-IV,eICU,next_aki_progression,demographic,17491,1000,1000,0.4947862499353681,0.5210934270372902,0.005700980351933835,0.03716600919478679
medication_only,prespecified conservative timing sensitivity,patient,MIMIC-III + MIMIC-IV,eICU,next_aki_progression,xgboost,17491,1000,1000,0.5136269679292759,0.5394711362506465,-0.00890965838151034,0.012843799986995906
medication_only,prespecified conservative timing sensitivity,patient,MIMIC-III + MIMIC-IV,eICU,next_aki_progression,random_transformer,17491,1000,1000,0.5094933530817463,0.5362448866351361,-0.007800703077809693,0.01797373629717831
medication_only,prespecified conservative timing sensitivity,patient,MIMIC-III + MIMIC-IV,eICU,next_aki_progression,semantic_transformer,17491,1000,1000,0.515547388696398,0.5417436431867907,,
medication_only,prespecified conservative timing sensitivity,patient,MIMIC-III + MIMIC-IV,eICU,next_aki_stage2plus,demographic,17491,1000,1000,0.5183111148661961,0.5352059805742689,-0.029929540055921758,-0.0127563761127893
medication_only,prespecified conservative timing sensitivity,patient,MIMIC-III + MIMIC-IV,eICU,next_aki_stage2plus,xgboost,17491,1000,1000,0.5207627217503897,0.5377241335664622,-0.03227286011086543,-0.014796585146323595
medication_only,prespecified conservative timing sensitivity,patient,MIMIC-III + MIMIC-IV,eICU,next_aki_stage2plus,random_transformer,17491,1000,1000,0.5170693140414905,0.5342765470934914,-0.028339449248931666,-0.011449221968852771
medication_only,prespecified conservative timing sensitivity,patient,MIMIC-III + MIMIC-IV,eICU,next_aki_stage2plus,semantic_transformer,17491,1000,1000,0.4976483748162039,0.5139182573771377,,
medication_only,prespecified conservative timing sensitivity,patient,MIMIC-III + MIMIC-IV,eICU,next_aki_stage3,demographic,17491,1000,1000,0.5315537295448616,0.5564831852597296,-0.01872039965437524,0.004787572836743121
medication_only,prespecified conservative timing sensitivity,patient,MIMIC-III + MIMIC-IV,eICU,next_aki_stage3,xgboost,17491,1000,1000,0.5413113519863535,0.5658697437103248,-0.02740605247895651,-0.007344336421741086
medication_only,prespecified conservative timing sensitivity,patient,MIMIC-III + MIMIC-IV,eICU,next_aki_stage3,random_transformer,17491,1000,1000,0.5359689844401146,0.5605275892653844,-0.021602125099581974,-0.0011846753118505066
medication_only,prespecified conservative timing sensitivity,patient,MIMIC-III + MIMIC-IV,eICU,next_aki_stage3,semantic_transformer,17491,1000,1000,0.5252335221412459,0.5500162316229109,,
medication_only,prespecified conservative timing sensitivity,patient,MIMIC-III + MIMIC-IV,eICU,hospital_death,demographic,17491,1000,1000,0.5771973687843155,0.6005664922483601,0.036802416875521715,0.055839782324817074
medication_only,prespecified conservative timing sensitivity,patient,MIMIC-III + MIMIC-IV,eICU,hospital_death,xgboost,17491,1000,1000,0.5758584210570256,0.5995551778507062,0.037872589143355874,0.05709952954849544
medication_only,prespecified conservative timing sensitivity,patient,MIMIC-III + MIMIC-IV,eICU,hospital_death,random_transformer,17491,1000,1000,0.5760262941370677,0.5995129142371236,0.037922813377160663,0.05762377668892273
medication_only,prespecified conservative timing sensitivity,patient,MIMIC-III + MIMIC-IV,eICU,hospital_death,semantic_transformer,17491,1000,1000,0.6234436114522258,0.6471451268607279,,
medication_only,prespecified conservative timing sensitivity,patient,MIMIC-III + MIMIC-IV,eICU,icu_death,demographic,17489,1000,1000,0.5432072940075021,0.5716241879046309,0.05473178495126733,0.08349692617160621
medication_only,prespecified conservative timing sensitivity,patient,MIMIC-III + MIMIC-IV,eICU,icu_death,xgboost,17489,1000,1000,0.5437626261393395,0.571219550074615,0.054529794244718655,0.08368502266318685
medication_only,prespecified conservative timing sensitivity,patient,MIMIC-III + MIMIC-IV,eICU,icu_death,random_transformer,17489,1000,1000,0.5435173034352438,0.5724054080522958,0.053847571302690675,0.08258833480364769
medication_only,prespecified conservative timing sensitivity,patient,MIMIC-III + MIMIC-IV,eICU,icu_death,semantic_transformer,17489,1000,1000,0.6115981506448702,0.641838129131319,,
medication_only,prespecified conservative timing sensitivity,hospital,MIMIC-III + MIMIC-IV,eICU,next_aki_progression,demographic,138,1000,1000,0.49025980218593296,0.5204494970606591,0.0029718615448156268,0.044702845118102005
medication_only,prespecified conservative timing sensitivity,hospital,MIMIC-III + MIMIC-IV,eICU,next_aki_progression,xgboost,138,1000,1000,0.5100088562481799,0.5407358923283622,-0.01137969181808302,0.01877798990701324
medication_only,prespecified conservative timing sensitivity,hospital,MIMIC-III + MIMIC-IV,eICU,next_aki_progression,random_transformer,138,1000,1000,0.5104336371697437,0.5359806612669716,-0.009644007139409341,0.020705501981474476
medication_only,prespecified conservative timing sensitivity,hospital,MIMIC-III + MIMIC-IV,eICU,next_aki_progression,semantic_transformer,138,1000,1000,0.5144847205964105,0.5441578277073308,,
medication_only,prespecified conservative timing sensitivity,hospital,MIMIC-III + MIMIC-IV,eICU,next_aki_stage2plus,demographic,138,1000,1000,0.5161185385649818,0.5388838291204338,-0.03763396363684183,-0.008717128973104752
medication_only,prespecified conservative timing sensitivity,hospital,MIMIC-III + MIMIC-IV,eICU,next_aki_stage2plus,xgboost,138,1000,1000,0.5184474926103323,0.5409542058179202,-0.04044308296398397,-0.010509846581343013
medication_only,prespecified conservative timing sensitivity,hospital,MIMIC-III + MIMIC-IV,eICU,next_aki_stage2plus,random_transformer,138,1000,1000,0.5142094170375356,0.538122382306771,-0.03622163673497192,-0.0071182227614075
medication_only,prespecified conservative timing sensitivity,hospital,MIMIC-III + MIMIC-IV,eICU,next_aki_stage2plus,semantic_transformer,138,1000,1000,0.49367616182074187,0.5160237695828592,,
medication_only,prespecified conservative timing sensitivity,hospital,MIMIC-III + MIMIC-IV,eICU,next_aki_stage3,demographic,138,1000,1000,0.5318851780916811,0.5573548385587415,-0.024990980875312572,0.011169557030846752
medication_only,prespecified conservative timing sensitivity,hospital,MIMIC-III + MIMIC-IV,eICU,next_aki_stage3,xgboost,138,1000,1000,0.5402365715875033,0.568676675798493,-0.036841103012360085,0.002535546122651329
medication_only,prespecified conservative timing sensitivity,hospital,MIMIC-III + MIMIC-IV,eICU,next_aki_stage3,random_transformer,138,1000,1000,0.5312429044820163,0.5653522631337213,-0.03224947541569387,0.010919985695621411
medication_only,prespecified conservative timing sensitivity,hospital,MIMIC-III + MIMIC-IV,eICU,next_aki_stage3,semantic_transformer,138,1000,1000,0.5227140782116176,0.5510392337698584,,
medication_only,prespecified conservative timing sensitivity,hospital,MIMIC-III + MIMIC-IV,eICU,hospital_death,demographic,138,1000,1000,0.5718116938192692,0.6039146554409076,0.0305809620017262,0.06265588607002708
medication_only,prespecified conservative timing sensitivity,hospital,MIMIC-III + MIMIC-IV,eICU,hospital_death,xgboost,138,1000,1000,0.5704189873977688,0.6036602176580957,0.03205529886955173,0.06362724599143192
medication_only,prespecified conservative timing sensitivity,hospital,MIMIC-III + MIMIC-IV,eICU,hospital_death,random_transformer,138,1000,1000,0.5711398474797116,0.6028730041435079,0.03177730472471527,0.06312839481927283
medication_only,prespecified conservative timing sensitivity,hospital,MIMIC-III + MIMIC-IV,eICU,hospital_death,semantic_transformer,138,1000,1000,0.6154642964931888,0.6536722436305903,,
medication_only,prespecified conservative timing sensitivity,hospital,MIMIC-III + MIMIC-IV,eICU,icu_death,demographic,138,1000,1000,0.533049856123716,0.5765897675927388,0.04538534386444531,0.09009310714010631
medication_only,prespecified conservative timing sensitivity,hospital,MIMIC-III + MIMIC-IV,eICU,icu_death,xgboost,138,1000,1000,0.5337970717892128,0.5775225701030906,0.04542205399641085,0.08992206166103642
medication_only,prespecified conservative timing sensitivity,hospital,MIMIC-III + MIMIC-IV,eICU,icu_death,random_transformer,138,1000,1000,0.5369526397248306,0.5756780231857304,0.04365392984433338,0.08992180675683241
medication_only,prespecified conservative timing sensitivity,hospital,MIMIC-III + MIMIC-IV,eICU,icu_death,semantic_transformer,138,1000,1000,0.5978251898634467,0.6515206628707034,,
