panel,query_id,query_set,target_sro_id,target_rank,recall_at_1,recall_at_5,recall_at_10,recall_at_20,mrr,ndcg_at_10,pediatric_domains
c_queries,V8-A-0001,A,V8-REL-270C9ECE8C937FCF,1,1,1,1,1,1.0,1.0,definition_staging;aki_akd_ckd_recovery
c_queries,V8-B-0001,B,V8-REL-270C9ECE8C937FCF,1,1,1,1,1,1.0,1.0,definition_staging;aki_akd_ckd_recovery
c_queries,V8-C-0001,C,V8-REL-270C9ECE8C937FCF,2,0,1,1,1,0.5,0.6309297535714575,definition_staging;aki_akd_ckd_recovery
c_queries,V8-A-0002,A,V8-REL-FA5A008F49496FD1,1,1,1,1,1,1.0,1.0,kidney_replacement_therapy
c_queries,V8-B-0002,B,V8-REL-FA5A008F49496FD1,1,1,1,1,1,1.0,1.0,kidney_replacement_therapy
c_queries,V8-C-0002,C,V8-REL-FA5A008F49496FD1,2,0,1,1,1,0.5,0.6309297535714575,kidney_replacement_therapy
c_queries,V8-A-0003,A,V8-REL-94BFAADD52E62168,1,1,1,1,1,1.0,1.0,definition_staging;sepsis_critical_care;neonatal_aki
c_queries,V8-B-0003,B,V8-REL-94BFAADD52E62168,8,0,0,1,1,0.125,0.31546487678572877,definition_staging;sepsis_critical_care;neonatal_aki
c_queries,V8-C-0003,C,V8-REL-94BFAADD52E62168,2,0,1,1,1,0.5,0.6309297535714575,definition_staging;sepsis_critical_care;neonatal_aki
c_queries,V8-A-0004,A,V8-REL-E4642F3E6EE90920,1,1,1,1,1,1.0,1.0,kidney_replacement_therapy
c_queries,V8-B-0004,B,V8-REL-E4642F3E6EE90920,4,0,1,1,1,0.25,0.43067655807339306,kidney_replacement_therapy
c_queries,V8-C-0004,C,V8-REL-E4642F3E6EE90920,1,1,1,1,1,1.0,1.0,kidney_replacement_therapy
c_queries,V8-A-0005,A,V8-REL-40A84D08FF6F5C44,1,1,1,1,1,1.0,1.0,sepsis_critical_care;kidney_replacement_therapy
c_queries,V8-B-0005,B,V8-REL-40A84D08FF6F5C44,1,1,1,1,1,1.0,1.0,sepsis_critical_care;kidney_replacement_therapy
c_queries,V8-C-0005,C,V8-REL-40A84D08FF6F5C44,1,1,1,1,1,1.0,1.0,sepsis_critical_care;kidney_replacement_therapy
c_queries,V8-A-0006,A,V8-REL-C7A68F9B49C555B6,1,1,1,1,1,1.0,1.0,sepsis_critical_care;kidney_replacement_therapy
c_queries,V8-B-0006,B,V8-REL-C7A68F9B49C555B6,1,1,1,1,1,1.0,1.0,sepsis_critical_care;kidney_replacement_therapy
c_queries,V8-C-0006,C,V8-REL-C7A68F9B49C555B6,1,1,1,1,1,1.0,1.0,sepsis_critical_care;kidney_replacement_therapy
c_queries,V8-A-0007,A,V8-REL-F57DCD8F39358B0B,1,1,1,1,1,1.0,1.0,neonatal_aki
c_queries,V8-B-0007,B,V8-REL-F57DCD8F39358B0B,3,0,1,1,1,0.3333333333333333,0.5,neonatal_aki
c_queries,V8-C-0007,C,V8-REL-F57DCD8F39358B0B,1,1,1,1,1,1.0,1.0,neonatal_aki
c_queries,V8-A-0008,A,V8-REL-BB20713B53A6BB5A,1,1,1,1,1,1.0,1.0,unassigned
c_queries,V8-B-0008,B,V8-REL-BB20713B53A6BB5A,1,1,1,1,1,1.0,1.0,unassigned
c_queries,V8-C-0008,C,V8-REL-BB20713B53A6BB5A,1,1,1,1,1,1.0,1.0,unassigned
c_queries,V8-A-0009,A,V8-REL-4B39D3D1BF5A90B0,1,1,1,1,1,1.0,1.0,outcomes_mortality
c_queries,V8-B-0009,B,V8-REL-4B39D3D1BF5A90B0,1,1,1,1,1,1.0,1.0,outcomes_mortality
c_queries,V8-C-0009,C,V8-REL-4B39D3D1BF5A90B0,1,1,1,1,1,1.0,1.0,outcomes_mortality
c_queries,V8-A-0010,A,V8-REL-FA9217DF185171F9,1,1,1,1,1,1.0,1.0,biomarkers
c_queries,V8-B-0010,B,V8-REL-FA9217DF185171F9,3,0,1,1,1,0.3333333333333333,0.5,biomarkers
c_queries,V8-C-0010,C,V8-REL-FA9217DF185171F9,4,0,1,1,1,0.25,0.43067655807339306,biomarkers
c_queries,V8-A-0011,A,V8-REL-5AF7C844AAD4C22C,1,1,1,1,1,1.0,1.0,cardiac_surgery;biomarkers;aki_akd_ckd_recovery
c_queries,V8-B-0011,B,V8-REL-5AF7C844AAD4C22C,3,0,1,1,1,0.3333333333333333,0.5,cardiac_surgery;biomarkers;aki_akd_ckd_recovery
c_queries,V8-C-0011,C,V8-REL-5AF7C844AAD4C22C,1,1,1,1,1,1.0,1.0,cardiac_surgery;biomarkers;aki_akd_ckd_recovery
c_queries,V8-A-0012,A,V8-REL-A17FA7D59993477C,1,1,1,1,1,1.0,1.0,biomarkers
c_queries,V8-B-0012,B,V8-REL-A17FA7D59993477C,1,1,1,1,1,1.0,1.0,biomarkers
c_queries,V8-C-0012,C,V8-REL-A17FA7D59993477C,1,1,1,1,1,1.0,1.0,biomarkers
c_queries,V8-A-0013,A,V8-REL-3428E2F04EB10615,1,1,1,1,1,1.0,1.0,sepsis_critical_care;biomarkers
c_queries,V8-B-0013,B,V8-REL-3428E2F04EB10615,1,1,1,1,1,1.0,1.0,sepsis_critical_care;biomarkers
c_queries,V8-C-0013,C,V8-REL-3428E2F04EB10615,1,1,1,1,1,1.0,1.0,sepsis_critical_care;biomarkers
c_queries,V8-A-0014,A,V8-REL-60CDDB038137912E,1,1,1,1,1,1.0,1.0,biomarkers;outcomes_mortality
c_queries,V8-B-0014,B,V8-REL-60CDDB038137912E,1,1,1,1,1,1.0,1.0,biomarkers;outcomes_mortality
c_queries,V8-C-0014,C,V8-REL-60CDDB038137912E,1,1,1,1,1,1.0,1.0,biomarkers;outcomes_mortality
c_queries,V8-A-0015,A,V8-REL-9FB4C0CDD9D98C78,1,1,1,1,1,1.0,1.0,cardiac_surgery;biomarkers;outcomes_mortality;oncology_bmt_hsct
c_queries,V8-B-0015,B,V8-REL-9FB4C0CDD9D98C78,2,0,1,1,1,0.5,0.6309297535714575,cardiac_surgery;biomarkers;outcomes_mortality;oncology_bmt_hsct
c_queries,V8-C-0015,C,V8-REL-9FB4C0CDD9D98C78,1,1,1,1,1,1.0,1.0,cardiac_surgery;biomarkers;outcomes_mortality;oncology_bmt_hsct
c_queries,V8-A-0016,A,V8-REL-AB7DD571A3858ED0,1,1,1,1,1,1.0,1.0,definition_staging;biomarkers;oncology_bmt_hsct
c_queries,V8-B-0016,B,V8-REL-AB7DD571A3858ED0,1,1,1,1,1,1.0,1.0,definition_staging;biomarkers;oncology_bmt_hsct
c_queries,V8-C-0016,C,V8-REL-AB7DD571A3858ED0,1,1,1,1,1,1.0,1.0,definition_staging;biomarkers;oncology_bmt_hsct
c_queries,V8-A-0017,A,V8-REL-C26FC04A387CAEAA,1,1,1,1,1,1.0,1.0,biomarkers
c_queries,V8-B-0017,B,V8-REL-C26FC04A387CAEAA,2,0,1,1,1,0.5,0.6309297535714575,biomarkers
c_queries,V8-C-0017,C,V8-REL-C26FC04A387CAEAA,3,0,1,1,1,0.3333333333333333,0.5,biomarkers
c_queries,V8-A-0018,A,V8-REL-E2894E102CD10C3F,1,1,1,1,1,1.0,1.0,biomarkers;aki_akd_ckd_recovery
c_queries,V8-B-0018,B,V8-REL-E2894E102CD10C3F,2,0,1,1,1,0.5,0.6309297535714575,biomarkers;aki_akd_ckd_recovery
c_queries,V8-C-0018,C,V8-REL-E2894E102CD10C3F,2,0,1,1,1,0.5,0.6309297535714575,biomarkers;aki_akd_ckd_recovery
c_queries,V8-A-0019,A,V8-REL-D16D602DBB1378CA,1,1,1,1,1,1.0,1.0,cardiac_surgery;biomarkers
c_queries,V8-B-0019,B,V8-REL-D16D602DBB1378CA,4,0,1,1,1,0.25,0.43067655807339306,cardiac_surgery;biomarkers
c_queries,V8-C-0019,C,V8-REL-D16D602DBB1378CA,1,1,1,1,1,1.0,1.0,cardiac_surgery;biomarkers
c_queries,V8-A-0020,A,V8-REL-EBA5B30BC7ADA206,1,1,1,1,1,1.0,1.0,biomarkers;aki_akd_ckd_recovery
c_queries,V8-B-0020,B,V8-REL-EBA5B30BC7ADA206,1,1,1,1,1,1.0,1.0,biomarkers;aki_akd_ckd_recovery
c_queries,V8-C-0020,C,V8-REL-EBA5B30BC7ADA206,1,1,1,1,1,1.0,1.0,biomarkers;aki_akd_ckd_recovery
c_queries,V8-A-0021,A,V8-REL-47E621BA6A807D05,1,1,1,1,1,1.0,1.0,biomarkers;aki_akd_ckd_recovery
c_queries,V8-B-0021,B,V8-REL-47E621BA6A807D05,1,1,1,1,1,1.0,1.0,biomarkers;aki_akd_ckd_recovery
c_queries,V8-C-0021,C,V8-REL-47E621BA6A807D05,1,1,1,1,1,1.0,1.0,biomarkers;aki_akd_ckd_recovery
c_queries,V8-A-0022,A,V8-REL-924F7ABFDA18B2A9,1,1,1,1,1,1.0,1.0,biomarkers;aki_akd_ckd_recovery
c_queries,V8-B-0022,B,V8-REL-924F7ABFDA18B2A9,1,1,1,1,1,1.0,1.0,biomarkers;aki_akd_ckd_recovery
c_queries,V8-C-0022,C,V8-REL-924F7ABFDA18B2A9,1,1,1,1,1,1.0,1.0,biomarkers;aki_akd_ckd_recovery
c_queries,V8-A-0023,A,V8-REL-7CF38570F26C55C9,1,1,1,1,1,1.0,1.0,biomarkers
c_queries,V8-B-0023,B,V8-REL-7CF38570F26C55C9,1,1,1,1,1,1.0,1.0,biomarkers
c_queries,V8-C-0023,C,V8-REL-7CF38570F26C55C9,1,1,1,1,1,1.0,1.0,biomarkers
c_queries,V8-A-0024,A,V8-REL-7C6848AEC93ED3B0,1,1,1,1,1,1.0,1.0,biomarkers;aki_akd_ckd_recovery
c_queries,V8-B-0024,B,V8-REL-7C6848AEC93ED3B0,1,1,1,1,1,1.0,1.0,biomarkers;aki_akd_ckd_recovery
c_queries,V8-C-0024,C,V8-REL-7C6848AEC93ED3B0,1,1,1,1,1,1.0,1.0,biomarkers;aki_akd_ckd_recovery
c_queries,V8-A-0025,A,V8-REL-6432F2CF7032B82D,3,0,1,1,1,0.3333333333333333,0.5,sepsis_critical_care;cardiac_surgery;biomarkers;neonatal_aki;oncology_bmt_hsct
c_queries,V8-B-0025,B,V8-REL-6432F2CF7032B82D,12,0,0,0,1,0.08333333333333333,0.0,sepsis_critical_care;cardiac_surgery;biomarkers;neonatal_aki;oncology_bmt_hsct
c_queries,V8-C-0025,C,V8-REL-6432F2CF7032B82D,1,1,1,1,1,1.0,1.0,sepsis_critical_care;cardiac_surgery;biomarkers;neonatal_aki;oncology_bmt_hsct
c_queries,V8-A-0026,A,V8-REL-EE3F5705261D0409,1,1,1,1,1,1.0,1.0,biomarkers
c_queries,V8-B-0026,B,V8-REL-EE3F5705261D0409,2,0,1,1,1,0.5,0.6309297535714575,biomarkers
c_queries,V8-C-0026,C,V8-REL-EE3F5705261D0409,1,1,1,1,1,1.0,1.0,biomarkers
c_queries,V8-A-0027,A,V8-REL-BA6890B9D264B142,1,1,1,1,1,1.0,1.0,biomarkers;aki_akd_ckd_recovery
c_queries,V8-B-0027,B,V8-REL-BA6890B9D264B142,2,0,1,1,1,0.5,0.6309297535714575,biomarkers;aki_akd_ckd_recovery
c_queries,V8-C-0027,C,V8-REL-BA6890B9D264B142,2,0,1,1,1,0.5,0.6309297535714575,biomarkers;aki_akd_ckd_recovery
c_queries,V8-A-0028,A,V8-REL-60F9D285ED412AB0,1,1,1,1,1,1.0,1.0,biomarkers;outcomes_mortality
c_queries,V8-B-0028,B,V8-REL-60F9D285ED412AB0,2,0,1,1,1,0.5,0.6309297535714575,biomarkers;outcomes_mortality
c_queries,V8-C-0028,C,V8-REL-60F9D285ED412AB0,2,0,1,1,1,0.5,0.6309297535714575,biomarkers;outcomes_mortality
c_queries,V8-A-0029,A,V8-REL-DFE7F99C58D87A7B,1,1,1,1,1,1.0,1.0,sepsis_critical_care;cardiac_surgery;biomarkers;outcomes_mortality;oncology_bmt_hsct
c_queries,V8-B-0029,B,V8-REL-DFE7F99C58D87A7B,10,0,0,1,1,0.1,0.2890648263178879,sepsis_critical_care;cardiac_surgery;biomarkers;outcomes_mortality;oncology_bmt_hsct
c_queries,V8-C-0029,C,V8-REL-DFE7F99C58D87A7B,2,0,1,1,1,0.5,0.6309297535714575,sepsis_critical_care;cardiac_surgery;biomarkers;outcomes_mortality;oncology_bmt_hsct
c_queries,V8-A-0030,A,V8-REL-744E3FFBB243984E,1,1,1,1,1,1.0,1.0,sepsis_critical_care;biomarkers;neonatal_aki
c_queries,V8-B-0030,B,V8-REL-744E3FFBB243984E,9,0,0,1,1,0.1111111111111111,0.3010299956639812,sepsis_critical_care;biomarkers;neonatal_aki
c_queries,V8-C-0030,C,V8-REL-744E3FFBB243984E,1,1,1,1,1,1.0,1.0,sepsis_critical_care;biomarkers;neonatal_aki
c_queries,V8-A-0031,A,V8-REL-C2CF440E693E5E64,1,1,1,1,1,1.0,1.0,biomarkers
c_queries,V8-B-0031,B,V8-REL-C2CF440E693E5E64,4,0,1,1,1,0.25,0.43067655807339306,biomarkers
c_queries,V8-C-0031,C,V8-REL-C2CF440E693E5E64,3,0,1,1,1,0.3333333333333333,0.5,biomarkers
c_queries,V8-A-0032,A,V8-REL-D8767735BF78E6AB,1,1,1,1,1,1.0,1.0,sepsis_critical_care;biomarkers
c_queries,V8-B-0032,B,V8-REL-D8767735BF78E6AB,6,0,0,1,1,0.16666666666666666,0.3562071871080222,sepsis_critical_care;biomarkers
c_queries,V8-C-0032,C,V8-REL-D8767735BF78E6AB,1,1,1,1,1,1.0,1.0,sepsis_critical_care;biomarkers
c_queries,V8-A-0033,A,V8-REL-02D9D5E230D9F0DC,1,1,1,1,1,1.0,1.0,biomarkers
c_queries,V8-B-0033,B,V8-REL-02D9D5E230D9F0DC,2,0,1,1,1,0.5,0.6309297535714575,biomarkers
c_queries,V8-C-0033,C,V8-REL-02D9D5E230D9F0DC,2,0,1,1,1,0.5,0.6309297535714575,biomarkers
c_queries,V8-A-0034,A,V8-REL-78D0CE28E23468AF,1,1,1,1,1,1.0,1.0,definition_staging;biomarkers
c_queries,V8-B-0034,B,V8-REL-78D0CE28E23468AF,2,0,1,1,1,0.5,0.6309297535714575,definition_staging;biomarkers
c_queries,V8-C-0034,C,V8-REL-78D0CE28E23468AF,1,1,1,1,1,1.0,1.0,definition_staging;biomarkers
c_queries,V8-A-0035,A,V8-REL-CBDF6347A0452F5F,1,1,1,1,1,1.0,1.0,biomarkers;aki_akd_ckd_recovery
c_queries,V8-B-0035,B,V8-REL-CBDF6347A0452F5F,1,1,1,1,1,1.0,1.0,biomarkers;aki_akd_ckd_recovery
c_queries,V8-C-0035,C,V8-REL-CBDF6347A0452F5F,2,0,1,1,1,0.5,0.6309297535714575,biomarkers;aki_akd_ckd_recovery
c_queries,V8-A-0036,A,V8-REL-937D0805E47FE07D,1,1,1,1,1,1.0,1.0,biomarkers;outcomes_mortality;oncology_bmt_hsct
c_queries,V8-B-0036,B,V8-REL-937D0805E47FE07D,3,0,1,1,1,0.3333333333333333,0.5,biomarkers;outcomes_mortality;oncology_bmt_hsct
c_queries,V8-C-0036,C,V8-REL-937D0805E47FE07D,1,1,1,1,1,1.0,1.0,biomarkers;outcomes_mortality;oncology_bmt_hsct
c_queries,V8-A-0037,A,V8-REL-D8BD19EC182278ED,1,1,1,1,1,1.0,1.0,biomarkers
c_queries,V8-B-0037,B,V8-REL-D8BD19EC182278ED,5,0,1,1,1,0.2,0.38685280723454163,biomarkers
c_queries,V8-C-0037,C,V8-REL-D8BD19EC182278ED,5,0,1,1,1,0.2,0.38685280723454163,biomarkers
c_queries,V8-A-0038,A,V8-REL-876A4D9644D2894B,2,0,1,1,1,0.5,0.6309297535714575,sepsis_critical_care;cardiac_surgery;biomarkers;neonatal_aki;oncology_bmt_hsct
c_queries,V8-B-0038,B,V8-REL-876A4D9644D2894B,13,0,0,0,1,0.07692307692307693,0.0,sepsis_critical_care;cardiac_surgery;biomarkers;neonatal_aki;oncology_bmt_hsct
c_queries,V8-C-0038,C,V8-REL-876A4D9644D2894B,2,0,1,1,1,0.5,0.6309297535714575,sepsis_critical_care;cardiac_surgery;biomarkers;neonatal_aki;oncology_bmt_hsct
c_queries,V8-A-0039,A,V8-REL-DCB813104C0E38F0,1,1,1,1,1,1.0,1.0,biomarkers;aki_akd_ckd_recovery
c_queries,V8-B-0039,B,V8-REL-DCB813104C0E38F0,1,1,1,1,1,1.0,1.0,biomarkers;aki_akd_ckd_recovery
c_queries,V8-C-0039,C,V8-REL-DCB813104C0E38F0,1,1,1,1,1,1.0,1.0,biomarkers;aki_akd_ckd_recovery
c_queries,V8-A-0040,A,V8-REL-9614A2611A8A83A8,1,1,1,1,1,1.0,1.0,biomarkers;outcomes_mortality
c_queries,V8-B-0040,B,V8-REL-9614A2611A8A83A8,1,1,1,1,1,1.0,1.0,biomarkers;outcomes_mortality
c_queries,V8-C-0040,C,V8-REL-9614A2611A8A83A8,1,1,1,1,1,1.0,1.0,biomarkers;outcomes_mortality
c_queries,V8-A-0041,A,V8-REL-1A136FF69F4324E9,1,1,1,1,1,1.0,1.0,sepsis_critical_care;cardiac_surgery;biomarkers;outcomes_mortality;oncology_bmt_hsct
c_queries,V8-B-0041,B,V8-REL-1A136FF69F4324E9,9,0,0,1,1,0.1111111111111111,0.3010299956639812,sepsis_critical_care;cardiac_surgery;biomarkers;outcomes_mortality;oncology_bmt_hsct
c_queries,V8-C-0041,C,V8-REL-1A136FF69F4324E9,1,1,1,1,1,1.0,1.0,sepsis_critical_care;cardiac_surgery;biomarkers;outcomes_mortality;oncology_bmt_hsct
c_queries,V8-A-0042,A,V8-REL-F1E13D788B8ACD02,1,1,1,1,1,1.0,1.0,biomarkers;aki_akd_ckd_recovery
c_queries,V8-B-0042,B,V8-REL-F1E13D788B8ACD02,1,1,1,1,1,1.0,1.0,biomarkers;aki_akd_ckd_recovery
c_queries,V8-C-0042,C,V8-REL-F1E13D788B8ACD02,1,1,1,1,1,1.0,1.0,biomarkers;aki_akd_ckd_recovery
c_queries,V8-A-0043,A,V8-REL-39EEB05BAF065DDC,1,1,1,1,1,1.0,1.0,biomarkers
c_queries,V8-B-0043,B,V8-REL-39EEB05BAF065DDC,3,0,1,1,1,0.3333333333333333,0.5,biomarkers
c_queries,V8-C-0043,C,V8-REL-39EEB05BAF065DDC,1,1,1,1,1,1.0,1.0,biomarkers
c_queries,V8-A-0044,A,V8-REL-C81A720811E46D75,1,1,1,1,1,1.0,1.0,biomarkers;outcomes_mortality
c_queries,V8-B-0044,B,V8-REL-C81A720811E46D75,1,1,1,1,1,1.0,1.0,biomarkers;outcomes_mortality
c_queries,V8-C-0044,C,V8-REL-C81A720811E46D75,1,1,1,1,1,1.0,1.0,biomarkers;outcomes_mortality
c_queries,V8-A-0045,A,V8-REL-633474EBF33C6465,1,1,1,1,1,1.0,1.0,biomarkers
c_queries,V8-B-0045,B,V8-REL-633474EBF33C6465,2,0,1,1,1,0.5,0.6309297535714575,biomarkers
c_queries,V8-C-0045,C,V8-REL-633474EBF33C6465,2,0,1,1,1,0.5,0.6309297535714575,biomarkers
c_queries,V8-A-0046,A,V8-REL-FD699CB9097C4912,1,1,1,1,1,1.0,1.0,cardiac_surgery;biomarkers
c_queries,V8-B-0046,B,V8-REL-FD699CB9097C4912,3,0,1,1,1,0.3333333333333333,0.5,cardiac_surgery;biomarkers
c_queries,V8-C-0046,C,V8-REL-FD699CB9097C4912,1,1,1,1,1,1.0,1.0,cardiac_surgery;biomarkers
c_queries,V8-A-0047,A,V8-REL-BA7659065369EE0F,1,1,1,1,1,1.0,1.0,biomarkers
c_queries,V8-B-0047,B,V8-REL-BA7659065369EE0F,3,0,1,1,1,0.3333333333333333,0.5,biomarkers
c_queries,V8-C-0047,C,V8-REL-BA7659065369EE0F,3,0,1,1,1,0.3333333333333333,0.5,biomarkers
c_queries,V8-A-0048,A,V8-REL-C051DB6A2D1492AD,2,0,1,1,1,0.5,0.6309297535714575,sepsis_critical_care;cardiac_surgery;biomarkers
c_queries,V8-B-0048,B,V8-REL-C051DB6A2D1492AD,6,0,0,1,1,0.16666666666666666,0.3562071871080222,sepsis_critical_care;cardiac_surgery;biomarkers
c_queries,V8-C-0048,C,V8-REL-C051DB6A2D1492AD,1,1,1,1,1,1.0,1.0,sepsis_critical_care;cardiac_surgery;biomarkers
c_queries,V8-A-0049,A,V8-REL-7859FDB22B68EEBE,1,1,1,1,1,1.0,1.0,cardiac_surgery;biomarkers;aki_akd_ckd_recovery
c_queries,V8-B-0049,B,V8-REL-7859FDB22B68EEBE,1,1,1,1,1,1.0,1.0,cardiac_surgery;biomarkers;aki_akd_ckd_recovery
c_queries,V8-C-0049,C,V8-REL-7859FDB22B68EEBE,1,1,1,1,1,1.0,1.0,cardiac_surgery;biomarkers;aki_akd_ckd_recovery
c_queries,V8-A-0050,A,V8-REL-AE7021F32F1C002B,1,1,1,1,1,1.0,1.0,biomarkers;outcomes_mortality;oncology_bmt_hsct
c_queries,V8-B-0050,B,V8-REL-AE7021F32F1C002B,2,0,1,1,1,0.5,0.6309297535714575,biomarkers;outcomes_mortality;oncology_bmt_hsct
c_queries,V8-C-0050,C,V8-REL-AE7021F32F1C002B,1,1,1,1,1,1.0,1.0,biomarkers;outcomes_mortality;oncology_bmt_hsct
c_queries,V8-A-0051,A,V8-REL-BC1689E33402082E,1,1,1,1,1,1.0,1.0,biomarkers
c_queries,V8-B-0051,B,V8-REL-BC1689E33402082E,1,1,1,1,1,1.0,1.0,biomarkers
c_queries,V8-C-0051,C,V8-REL-BC1689E33402082E,1,1,1,1,1,1.0,1.0,biomarkers
c_queries,V8-A-0052,A,V8-REL-F4EB5BCDC15B994B,1,1,1,1,1,1.0,1.0,aki_akd_ckd_recovery
c_queries,V8-B-0052,B,V8-REL-F4EB5BCDC15B994B,4,0,1,1,1,0.25,0.43067655807339306,aki_akd_ckd_recovery
c_queries,V8-C-0052,C,V8-REL-F4EB5BCDC15B994B,8,0,0,1,1,0.125,0.31546487678572877,aki_akd_ckd_recovery
c_queries,V8-A-0053,A,V8-REL-8EC79A00CBEB01BF,1,1,1,1,1,1.0,1.0,aki_akd_ckd_recovery
c_queries,V8-B-0053,B,V8-REL-8EC79A00CBEB01BF,2,0,1,1,1,0.5,0.6309297535714575,aki_akd_ckd_recovery
c_queries,V8-C-0053,C,V8-REL-8EC79A00CBEB01BF,2,0,1,1,1,0.5,0.6309297535714575,aki_akd_ckd_recovery
c_queries,V8-A-0054,A,V8-REL-93260511C1ADDEDA,1,1,1,1,1,1.0,1.0,aki_akd_ckd_recovery;oncology_bmt_hsct
c_queries,V8-B-0054,B,V8-REL-93260511C1ADDEDA,1,1,1,1,1,1.0,1.0,aki_akd_ckd_recovery;oncology_bmt_hsct
c_queries,V8-C-0054,C,V8-REL-93260511C1ADDEDA,1,1,1,1,1,1.0,1.0,aki_akd_ckd_recovery;oncology_bmt_hsct
c_queries,V8-A-0055,A,V8-REL-D2EEAC4B1A79DFC7,1,1,1,1,1,1.0,1.0,aki_akd_ckd_recovery;outcomes_mortality
c_queries,V8-B-0055,B,V8-REL-D2EEAC4B1A79DFC7,2,0,1,1,1,0.5,0.6309297535714575,aki_akd_ckd_recovery;outcomes_mortality
c_queries,V8-C-0055,C,V8-REL-D2EEAC4B1A79DFC7,1,1,1,1,1,1.0,1.0,aki_akd_ckd_recovery;outcomes_mortality
c_queries,V8-A-0056,A,V8-REL-8AF99CE775BEAD66,1,1,1,1,1,1.0,1.0,sepsis_critical_care;cardiac_surgery;aki_akd_ckd_recovery;outcomes_mortality
c_queries,V8-B-0056,B,V8-REL-8AF99CE775BEAD66,6,0,0,1,1,0.16666666666666666,0.3562071871080222,sepsis_critical_care;cardiac_surgery;aki_akd_ckd_recovery;outcomes_mortality
c_queries,V8-C-0056,C,V8-REL-8AF99CE775BEAD66,1,1,1,1,1,1.0,1.0,sepsis_critical_care;cardiac_surgery;aki_akd_ckd_recovery;outcomes_mortality
c_queries,V8-A-0057,A,V8-REL-3288042B7D1C6396,1,1,1,1,1,1.0,1.0,aki_akd_ckd_recovery
c_queries,V8-B-0057,B,V8-REL-3288042B7D1C6396,5,0,1,1,1,0.2,0.38685280723454163,aki_akd_ckd_recovery
c_queries,V8-C-0057,C,V8-REL-3288042B7D1C6396,10,0,0,1,1,0.1,0.2890648263178879,aki_akd_ckd_recovery
c_queries,V8-A-0058,A,V8-REL-1978ADE834C31ED6,1,1,1,1,1,1.0,1.0,aki_akd_ckd_recovery;oncology_bmt_hsct
c_queries,V8-B-0058,B,V8-REL-1978ADE834C31ED6,4,0,1,1,1,0.25,0.43067655807339306,aki_akd_ckd_recovery;oncology_bmt_hsct
c_queries,V8-C-0058,C,V8-REL-1978ADE834C31ED6,1,1,1,1,1,1.0,1.0,aki_akd_ckd_recovery;oncology_bmt_hsct
c_queries,V8-A-0059,A,V8-REL-202A287F1124278E,1,1,1,1,1,1.0,1.0,aki_akd_ckd_recovery;outcomes_mortality
c_queries,V8-B-0059,B,V8-REL-202A287F1124278E,1,1,1,1,1,1.0,1.0,aki_akd_ckd_recovery;outcomes_mortality
c_queries,V8-C-0059,C,V8-REL-202A287F1124278E,2,0,1,1,1,0.5,0.6309297535714575,aki_akd_ckd_recovery;outcomes_mortality
c_queries,V8-A-0060,A,V8-REL-C61202077C179B8D,1,1,1,1,1,1.0,1.0,aki_akd_ckd_recovery
c_queries,V8-B-0060,B,V8-REL-C61202077C179B8D,1,1,1,1,1,1.0,1.0,aki_akd_ckd_recovery
c_queries,V8-C-0060,C,V8-REL-C61202077C179B8D,1,1,1,1,1,1.0,1.0,aki_akd_ckd_recovery
c_queries,V8-A-0061,A,V8-REL-3DF7179F46AB5815,1,1,1,1,1,1.0,1.0,aki_akd_ckd_recovery
c_queries,V8-B-0061,B,V8-REL-3DF7179F46AB5815,2,0,1,1,1,0.5,0.6309297535714575,aki_akd_ckd_recovery
c_queries,V8-C-0061,C,V8-REL-3DF7179F46AB5815,5,0,1,1,1,0.2,0.38685280723454163,aki_akd_ckd_recovery
c_queries,V8-A-0062,A,V8-REL-B5FA2D57FED18F9E,1,1,1,1,1,1.0,1.0,aki_akd_ckd_recovery;oncology_bmt_hsct
c_queries,V8-B-0062,B,V8-REL-B5FA2D57FED18F9E,8,0,0,1,1,0.125,0.31546487678572877,aki_akd_ckd_recovery;oncology_bmt_hsct
c_queries,V8-C-0062,C,V8-REL-B5FA2D57FED18F9E,4,0,1,1,1,0.25,0.43067655807339306,aki_akd_ckd_recovery;oncology_bmt_hsct
c_queries,V8-A-0063,A,V8-REL-5E746A05D8035C4A,1,1,1,1,1,1.0,1.0,cardiac_surgery
c_queries,V8-B-0063,B,V8-REL-5E746A05D8035C4A,1,1,1,1,1,1.0,1.0,cardiac_surgery
c_queries,V8-C-0063,C,V8-REL-5E746A05D8035C4A,2,0,1,1,1,0.5,0.6309297535714575,cardiac_surgery
c_queries,V8-A-0064,A,V8-REL-2C09991A47E09E32,3,0,1,1,1,0.3333333333333333,0.5,sepsis_critical_care;cardiac_surgery;neonatal_aki;aki_akd_ckd_recovery;oncology_bmt_hsct
c_queries,V8-B-0064,B,V8-REL-2C09991A47E09E32,19,0,0,0,1,0.05263157894736842,0.0,sepsis_critical_care;cardiac_surgery;neonatal_aki;aki_akd_ckd_recovery;oncology_bmt_hsct
c_queries,V8-C-0064,C,V8-REL-2C09991A47E09E32,1,1,1,1,1,1.0,1.0,sepsis_critical_care;cardiac_surgery;neonatal_aki;aki_akd_ckd_recovery;oncology_bmt_hsct
c_queries,V8-A-0065,A,V8-REL-E90FC32F38CB5688,1,1,1,1,1,1.0,1.0,sepsis_critical_care;neonatal_aki
c_queries,V8-B-0065,B,V8-REL-E90FC32F38CB5688,4,0,1,1,1,0.25,0.43067655807339306,sepsis_critical_care;neonatal_aki
c_queries,V8-C-0065,C,V8-REL-E90FC32F38CB5688,2,0,1,1,1,0.5,0.6309297535714575,sepsis_critical_care;neonatal_aki
c_queries,V8-A-0066,A,V8-REL-A7A1757F748D4D0C,10,0,0,1,1,0.1,0.2890648263178879,sepsis_critical_care;cardiac_surgery;neonatal_aki;outcomes_mortality;oncology_bmt_hsct
c_queries,V8-B-0066,B,V8-REL-A7A1757F748D4D0C,19,0,0,0,1,0.05263157894736842,0.0,sepsis_critical_care;cardiac_surgery;neonatal_aki;outcomes_mortality;oncology_bmt_hsct
c_queries,V8-C-0066,C,V8-REL-A7A1757F748D4D0C,1,1,1,1,1,1.0,1.0,sepsis_critical_care;cardiac_surgery;neonatal_aki;outcomes_mortality;oncology_bmt_hsct
c_queries,V8-A-0067,A,V8-REL-FB32EFB1CCA1D7CA,3,0,1,1,1,0.3333333333333333,0.5,sepsis_critical_care;cardiac_surgery;neonatal_aki;outcomes_mortality;oncology_bmt_hsct
c_queries,V8-B-0067,B,V8-REL-FB32EFB1CCA1D7CA,24,0,0,0,0,0.041666666666666664,0.0,sepsis_critical_care;cardiac_surgery;neonatal_aki;outcomes_mortality;oncology_bmt_hsct
c_queries,V8-C-0067,C,V8-REL-FB32EFB1CCA1D7CA,2,0,1,1,1,0.5,0.6309297535714575,sepsis_critical_care;cardiac_surgery;neonatal_aki;outcomes_mortality;oncology_bmt_hsct
c_queries,V8-A-0068,A,V8-REL-5434BBCEBD60B458,1,1,1,1,1,1.0,1.0,sepsis_critical_care;cardiac_surgery;neonatal_aki
c_queries,V8-B-0068,B,V8-REL-5434BBCEBD60B458,20,0,0,0,1,0.05,0.0,sepsis_critical_care;cardiac_surgery;neonatal_aki
c_queries,V8-C-0068,C,V8-REL-5434BBCEBD60B458,1,1,1,1,1,1.0,1.0,sepsis_critical_care;cardiac_surgery;neonatal_aki
c_queries,V8-A-0069,A,V8-REL-81E27C5332CEA788,2,0,1,1,1,0.5,0.6309297535714575,definition_staging;sepsis_critical_care;cardiac_surgery
c_queries,V8-B-0069,B,V8-REL-81E27C5332CEA788,7,0,0,1,1,0.14285714285714285,0.3333333333333333,definition_staging;sepsis_critical_care;cardiac_surgery
c_queries,V8-C-0069,C,V8-REL-81E27C5332CEA788,1,1,1,1,1,1.0,1.0,definition_staging;sepsis_critical_care;cardiac_surgery
c_queries,V8-A-0070,A,V8-REL-AC085DF9127C4BC6,2,0,1,1,1,0.5,0.6309297535714575,definition_staging;sepsis_critical_care;neonatal_aki
c_queries,V8-B-0070,B,V8-REL-AC085DF9127C4BC6,6,0,0,1,1,0.16666666666666666,0.3562071871080222,definition_staging;sepsis_critical_care;neonatal_aki
c_queries,V8-C-0070,C,V8-REL-AC085DF9127C4BC6,1,1,1,1,1,1.0,1.0,definition_staging;sepsis_critical_care;neonatal_aki
c_queries,V8-A-0071,A,V8-REL-E2E17D344012D114,1,1,1,1,1,1.0,1.0,aki_akd_ckd_recovery;oncology_bmt_hsct
c_queries,V8-B-0071,B,V8-REL-E2E17D344012D114,14,0,0,0,1,0.07142857142857142,0.0,aki_akd_ckd_recovery;oncology_bmt_hsct
c_queries,V8-C-0071,C,V8-REL-E2E17D344012D114,2,0,1,1,1,0.5,0.6309297535714575,aki_akd_ckd_recovery;oncology_bmt_hsct
c_queries,V8-A-0072,A,V8-REL-F0663BE15F60D8B3,5,0,1,1,1,0.2,0.38685280723454163,sepsis_critical_care;cardiac_surgery;neonatal_aki;aki_akd_ckd_recovery;oncology_bmt_hsct
c_queries,V8-B-0072,B,V8-REL-F0663BE15F60D8B3,28,0,0,0,0,0.03571428571428571,0.0,sepsis_critical_care;cardiac_surgery;neonatal_aki;aki_akd_ckd_recovery;oncology_bmt_hsct
c_queries,V8-C-0072,C,V8-REL-F0663BE15F60D8B3,2,0,1,1,1,0.5,0.6309297535714575,sepsis_critical_care;cardiac_surgery;neonatal_aki;aki_akd_ckd_recovery;oncology_bmt_hsct
c_queries,V8-A-0073,A,V8-REL-A45DAA8FB0EF4B66,1,1,1,1,1,1.0,1.0,neonatal_aki;outcomes_mortality
c_queries,V8-B-0073,B,V8-REL-A45DAA8FB0EF4B66,4,0,1,1,1,0.25,0.43067655807339306,neonatal_aki;outcomes_mortality
c_queries,V8-C-0073,C,V8-REL-A45DAA8FB0EF4B66,1,1,1,1,1,1.0,1.0,neonatal_aki;outcomes_mortality
c_queries,V8-A-0074,A,V8-REL-6A2000980388D3CC,3,0,1,1,1,0.3333333333333333,0.5,sepsis_critical_care;cardiac_surgery;neonatal_aki;outcomes_mortality;oncology_bmt_hsct
c_queries,V8-B-0074,B,V8-REL-6A2000980388D3CC,27,0,0,0,0,0.037037037037037035,0.0,sepsis_critical_care;cardiac_surgery;neonatal_aki;outcomes_mortality;oncology_bmt_hsct
c_queries,V8-C-0074,C,V8-REL-6A2000980388D3CC,4,0,1,1,1,0.25,0.43067655807339306,sepsis_critical_care;cardiac_surgery;neonatal_aki;outcomes_mortality;oncology_bmt_hsct
c_queries,V8-A-0075,A,V8-REL-BA5D912D66E4C1E8,1,1,1,1,1,1.0,1.0,sepsis_critical_care;neonatal_aki
c_queries,V8-B-0075,B,V8-REL-BA5D912D66E4C1E8,13,0,0,0,1,0.07692307692307693,0.0,sepsis_critical_care;neonatal_aki
c_queries,V8-C-0075,C,V8-REL-BA5D912D66E4C1E8,2,0,1,1,1,0.5,0.6309297535714575,sepsis_critical_care;neonatal_aki
c_queries,V8-A-0076,A,V8-REL-DC071BC796F7D406,1,1,1,1,1,1.0,1.0,oncology_bmt_hsct
c_queries,V8-B-0076,B,V8-REL-DC071BC796F7D406,13,0,0,0,1,0.07692307692307693,0.0,oncology_bmt_hsct
c_queries,V8-C-0076,C,V8-REL-DC071BC796F7D406,1,1,1,1,1,1.0,1.0,oncology_bmt_hsct
c_queries,V8-A-0077,A,V8-REL-9B85EFB3425FB18B,2,0,1,1,1,0.5,0.6309297535714575,sepsis_critical_care;neonatal_aki;aki_akd_ckd_recovery
c_queries,V8-B-0077,B,V8-REL-9B85EFB3425FB18B,12,0,0,0,1,0.08333333333333333,0.0,sepsis_critical_care;neonatal_aki;aki_akd_ckd_recovery
c_queries,V8-C-0077,C,V8-REL-9B85EFB3425FB18B,1,1,1,1,1,1.0,1.0,sepsis_critical_care;neonatal_aki;aki_akd_ckd_recovery
c_queries,V8-A-0078,A,V8-REL-FA6D84C9868C02E9,1,1,1,1,1,1.0,1.0,outcomes_mortality
c_queries,V8-B-0078,B,V8-REL-FA6D84C9868C02E9,1,1,1,1,1,1.0,1.0,outcomes_mortality
c_queries,V8-C-0078,C,V8-REL-FA6D84C9868C02E9,2,0,1,1,1,0.5,0.6309297535714575,outcomes_mortality
c_queries,V8-A-0079,A,V8-REL-035BB0E56C320814,3,0,1,1,1,0.3333333333333333,0.5,sepsis_critical_care;cardiac_surgery;neonatal_aki;outcomes_mortality;oncology_bmt_hsct
c_queries,V8-B-0079,B,V8-REL-035BB0E56C320814,16,0,0,0,1,0.0625,0.0,sepsis_critical_care;cardiac_surgery;neonatal_aki;outcomes_mortality;oncology_bmt_hsct
c_queries,V8-C-0079,C,V8-REL-035BB0E56C320814,1,1,1,1,1,1.0,1.0,sepsis_critical_care;cardiac_surgery;neonatal_aki;outcomes_mortality;oncology_bmt_hsct
c_queries,V8-A-0080,A,V8-REL-E5BBA26B8D11F982,3,0,1,1,1,0.3333333333333333,0.5,sepsis_critical_care;neonatal_aki;aki_akd_ckd_recovery
c_queries,V8-B-0080,B,V8-REL-E5BBA26B8D11F982,15,0,0,0,1,0.06666666666666667,0.0,sepsis_critical_care;neonatal_aki;aki_akd_ckd_recovery
c_queries,V8-C-0080,C,V8-REL-E5BBA26B8D11F982,2,0,1,1,1,0.5,0.6309297535714575,sepsis_critical_care;neonatal_aki;aki_akd_ckd_recovery
c_queries,V8-A-0081,A,V8-REL-1C6B6C92F0C2F1E9,3,0,1,1,1,0.3333333333333333,0.5,sepsis_critical_care;cardiac_surgery;aki_akd_ckd_recovery;oncology_bmt_hsct
c_queries,V8-B-0081,B,V8-REL-1C6B6C92F0C2F1E9,13,0,0,0,1,0.07692307692307693,0.0,sepsis_critical_care;cardiac_surgery;aki_akd_ckd_recovery;oncology_bmt_hsct
c_queries,V8-C-0081,C,V8-REL-1C6B6C92F0C2F1E9,1,1,1,1,1,1.0,1.0,sepsis_critical_care;cardiac_surgery;aki_akd_ckd_recovery;oncology_bmt_hsct
c_queries,V8-A-0082,A,V8-REL-3FFD039C3BDFB4F2,1,1,1,1,1,1.0,1.0,sepsis_critical_care
c_queries,V8-B-0082,B,V8-REL-3FFD039C3BDFB4F2,3,0,1,1,1,0.3333333333333333,0.5,sepsis_critical_care
c_queries,V8-C-0082,C,V8-REL-3FFD039C3BDFB4F2,4,0,1,1,1,0.25,0.43067655807339306,sepsis_critical_care
c_queries,V8-A-0083,A,V8-REL-96699781A80270AD,1,1,1,1,1,1.0,1.0,aki_akd_ckd_recovery
c_queries,V8-B-0083,B,V8-REL-96699781A80270AD,1,1,1,1,1,1.0,1.0,aki_akd_ckd_recovery
c_queries,V8-C-0083,C,V8-REL-96699781A80270AD,2,0,1,1,1,0.5,0.6309297535714575,aki_akd_ckd_recovery
c_queries,V8-A-0084,A,V8-REL-0E17A120AF4CE9C5,1,1,1,1,1,1.0,1.0,cardiac_surgery
c_queries,V8-B-0084,B,V8-REL-0E17A120AF4CE9C5,2,0,1,1,1,0.5,0.6309297535714575,cardiac_surgery
c_queries,V8-C-0084,C,V8-REL-0E17A120AF4CE9C5,1,1,1,1,1,1.0,1.0,cardiac_surgery
c_queries,V8-A-0085,A,V8-REL-6CFA6723BE8FCA9A,1,1,1,1,1,1.0,1.0,outcomes_mortality
c_queries,V8-B-0085,B,V8-REL-6CFA6723BE8FCA9A,1,1,1,1,1,1.0,1.0,outcomes_mortality
c_queries,V8-C-0085,C,V8-REL-6CFA6723BE8FCA9A,1,1,1,1,1,1.0,1.0,outcomes_mortality
c_queries,V8-A-0086,A,V8-REL-61E77C094442EC2E,1,1,1,1,1,1.0,1.0,sepsis_critical_care
c_queries,V8-B-0086,B,V8-REL-61E77C094442EC2E,1,1,1,1,1,1.0,1.0,sepsis_critical_care
c_queries,V8-C-0086,C,V8-REL-61E77C094442EC2E,1,1,1,1,1,1.0,1.0,sepsis_critical_care
c_queries,V8-A-0087,A,V8-REL-EBF3CF7851B32ED5,1,1,1,1,1,1.0,1.0,definition_staging
c_queries,V8-B-0087,B,V8-REL-EBF3CF7851B32ED5,1,1,1,1,1,1.0,1.0,definition_staging
c_queries,V8-C-0087,C,V8-REL-EBF3CF7851B32ED5,1,1,1,1,1,1.0,1.0,definition_staging
c_queries,V8-A-0088,A,V8-REL-D6F7C1EBB2440CC5,1,1,1,1,1,1.0,1.0,cardiac_surgery;outcomes_mortality;oncology_bmt_hsct
c_queries,V8-B-0088,B,V8-REL-D6F7C1EBB2440CC5,2,0,1,1,1,0.5,0.6309297535714575,cardiac_surgery;outcomes_mortality;oncology_bmt_hsct
c_queries,V8-C-0088,C,V8-REL-D6F7C1EBB2440CC5,1,1,1,1,1,1.0,1.0,cardiac_surgery;outcomes_mortality;oncology_bmt_hsct
c_queries,V8-A-0089,A,V8-REL-892F07385C1851EB,1,1,1,1,1,1.0,1.0,sepsis_critical_care;outcomes_mortality
c_queries,V8-B-0089,B,V8-REL-892F07385C1851EB,1,1,1,1,1,1.0,1.0,sepsis_critical_care;outcomes_mortality
c_queries,V8-C-0089,C,V8-REL-892F07385C1851EB,1,1,1,1,1,1.0,1.0,sepsis_critical_care;outcomes_mortality
c_queries,V8-A-0090,A,V8-REL-2B3CBBBB299C9D12,1,1,1,1,1,1.0,1.0,cardiac_surgery;aki_akd_ckd_recovery
c_queries,V8-B-0090,B,V8-REL-2B3CBBBB299C9D12,1,1,1,1,1,1.0,1.0,cardiac_surgery;aki_akd_ckd_recovery
c_queries,V8-C-0090,C,V8-REL-2B3CBBBB299C9D12,1,1,1,1,1,1.0,1.0,cardiac_surgery;aki_akd_ckd_recovery
c_queries,V8-A-0091,A,V8-REL-7E31E07D3A014C53,1,1,1,1,1,1.0,1.0,cardiac_surgery;aki_akd_ckd_recovery
c_queries,V8-B-0091,B,V8-REL-7E31E07D3A014C53,1,1,1,1,1,1.0,1.0,cardiac_surgery;aki_akd_ckd_recovery
c_queries,V8-C-0091,C,V8-REL-7E31E07D3A014C53,3,0,1,1,1,0.3333333333333333,0.5,cardiac_surgery;aki_akd_ckd_recovery
c_queries,V8-A-0092,A,V8-REL-909314118BBE1209,1,1,1,1,1,1.0,1.0,sepsis_critical_care;cardiac_surgery
c_queries,V8-B-0092,B,V8-REL-909314118BBE1209,1,1,1,1,1,1.0,1.0,sepsis_critical_care;cardiac_surgery
c_queries,V8-C-0092,C,V8-REL-909314118BBE1209,1,1,1,1,1,1.0,1.0,sepsis_critical_care;cardiac_surgery
c_queries,V8-A-0093,A,V8-REL-57EDF6EB61EAD7ED,1,1,1,1,1,1.0,1.0,cardiac_surgery;outcomes_mortality
c_queries,V8-B-0093,B,V8-REL-57EDF6EB61EAD7ED,1,1,1,1,1,1.0,1.0,cardiac_surgery;outcomes_mortality
c_queries,V8-C-0093,C,V8-REL-57EDF6EB61EAD7ED,1,1,1,1,1,1.0,1.0,cardiac_surgery;outcomes_mortality
c_queries,V8-A-0094,A,V8-REL-742775BC7BA320A8,1,1,1,1,1,1.0,1.0,cardiac_surgery;neonatal_aki
c_queries,V8-B-0094,B,V8-REL-742775BC7BA320A8,1,1,1,1,1,1.0,1.0,cardiac_surgery;neonatal_aki
c_queries,V8-C-0094,C,V8-REL-742775BC7BA320A8,1,1,1,1,1,1.0,1.0,cardiac_surgery;neonatal_aki
c_queries,V8-A-0095,A,V8-REL-8D86417E8CA1CAAE,1,1,1,1,1,1.0,1.0,cardiac_surgery;neonatal_aki;oncology_bmt_hsct
c_queries,V8-B-0095,B,V8-REL-8D86417E8CA1CAAE,10,0,0,1,1,0.1,0.2890648263178879,cardiac_surgery;neonatal_aki;oncology_bmt_hsct
c_queries,V8-C-0095,C,V8-REL-8D86417E8CA1CAAE,1,1,1,1,1,1.0,1.0,cardiac_surgery;neonatal_aki;oncology_bmt_hsct
c_queries,V8-A-0096,A,V8-REL-0B47C0B87B08DC2A,1,1,1,1,1,1.0,1.0,cardiac_surgery;aki_akd_ckd_recovery
c_queries,V8-B-0096,B,V8-REL-0B47C0B87B08DC2A,2,0,1,1,1,0.5,0.6309297535714575,cardiac_surgery;aki_akd_ckd_recovery
c_queries,V8-C-0096,C,V8-REL-0B47C0B87B08DC2A,1,1,1,1,1,1.0,1.0,cardiac_surgery;aki_akd_ckd_recovery
c_queries,V8-A-0097,A,V8-REL-31F53EB13BE90D8C,1,1,1,1,1,1.0,1.0,cardiac_surgery;outcomes_mortality
c_queries,V8-B-0097,B,V8-REL-31F53EB13BE90D8C,2,0,1,1,1,0.5,0.6309297535714575,cardiac_surgery;outcomes_mortality
c_queries,V8-C-0097,C,V8-REL-31F53EB13BE90D8C,2,0,1,1,1,0.5,0.6309297535714575,cardiac_surgery;outcomes_mortality
c_queries,V8-A-0098,A,V8-REL-A59B3ACDD9FAA401,1,1,1,1,1,1.0,1.0,cardiac_surgery
c_queries,V8-B-0098,B,V8-REL-A59B3ACDD9FAA401,1,1,1,1,1,1.0,1.0,cardiac_surgery
c_queries,V8-C-0098,C,V8-REL-A59B3ACDD9FAA401,1,1,1,1,1,1.0,1.0,cardiac_surgery
c_queries,V8-A-0099,A,V8-REL-FF5D54EAC267A12F,1,1,1,1,1,1.0,1.0,cardiac_surgery
c_queries,V8-B-0099,B,V8-REL-FF5D54EAC267A12F,1,1,1,1,1,1.0,1.0,cardiac_surgery
c_queries,V8-C-0099,C,V8-REL-FF5D54EAC267A12F,1,1,1,1,1,1.0,1.0,cardiac_surgery
c_queries,V8-A-0100,A,V8-REL-6CE87FC932DA8A4F,1,1,1,1,1,1.0,1.0,definition_staging;cardiac_surgery
c_queries,V8-B-0100,B,V8-REL-6CE87FC932DA8A4F,1,1,1,1,1,1.0,1.0,definition_staging;cardiac_surgery
c_queries,V8-C-0100,C,V8-REL-6CE87FC932DA8A4F,1,1,1,1,1,1.0,1.0,definition_staging;cardiac_surgery
c_queries,V8-A-0101,A,V8-REL-D990C5EF4F6BEEBC,1,1,1,1,1,1.0,1.0,cardiac_surgery
c_queries,V8-B-0101,B,V8-REL-D990C5EF4F6BEEBC,2,0,1,1,1,0.5,0.6309297535714575,cardiac_surgery
c_queries,V8-C-0101,C,V8-REL-D990C5EF4F6BEEBC,3,0,1,1,1,0.3333333333333333,0.5,cardiac_surgery
c_queries,V8-A-0102,A,V8-REL-D5F36532A27FD551,1,1,1,1,1,1.0,1.0,oncology_bmt_hsct
c_queries,V8-B-0102,B,V8-REL-D5F36532A27FD551,1,1,1,1,1,1.0,1.0,oncology_bmt_hsct
c_queries,V8-C-0102,C,V8-REL-D5F36532A27FD551,1,1,1,1,1,1.0,1.0,oncology_bmt_hsct
c_queries,V8-A-0103,A,V8-REL-8EC5DB09D2F740BB,1,1,1,1,1,1.0,1.0,sepsis_critical_care
c_queries,V8-B-0103,B,V8-REL-8EC5DB09D2F740BB,1,1,1,1,1,1.0,1.0,sepsis_critical_care
c_queries,V8-C-0103,C,V8-REL-8EC5DB09D2F740BB,1,1,1,1,1,1.0,1.0,sepsis_critical_care
c_queries,V8-A-0104,A,V8-REL-69BBFC1B8CEE5D23,1,1,1,1,1,1.0,1.0,sepsis_critical_care;outcomes_mortality;oncology_bmt_hsct
c_queries,V8-B-0104,B,V8-REL-69BBFC1B8CEE5D23,1,1,1,1,1,1.0,1.0,sepsis_critical_care;outcomes_mortality;oncology_bmt_hsct
c_queries,V8-C-0104,C,V8-REL-69BBFC1B8CEE5D23,1,1,1,1,1,1.0,1.0,sepsis_critical_care;outcomes_mortality;oncology_bmt_hsct
c_queries,V8-A-0105,A,V8-REL-3568A85022955EB0,1,1,1,1,1,1.0,1.0,sepsis_critical_care
c_queries,V8-B-0105,B,V8-REL-3568A85022955EB0,1,1,1,1,1,1.0,1.0,sepsis_critical_care
c_queries,V8-C-0105,C,V8-REL-3568A85022955EB0,1,1,1,1,1,1.0,1.0,sepsis_critical_care
c_queries,V8-A-0106,A,V8-REL-69E068494F8A6AAC,1,1,1,1,1,1.0,1.0,definition_staging
c_queries,V8-B-0106,B,V8-REL-69E068494F8A6AAC,1,1,1,1,1,1.0,1.0,definition_staging
c_queries,V8-C-0106,C,V8-REL-69E068494F8A6AAC,1,1,1,1,1,1.0,1.0,definition_staging
c_queries,V8-A-0107,A,V8-REL-E15538A8B6454D7D,1,1,1,1,1,1.0,1.0,neonatal_aki;outcomes_mortality;oncology_bmt_hsct
c_queries,V8-B-0107,B,V8-REL-E15538A8B6454D7D,2,0,1,1,1,0.5,0.6309297535714575,neonatal_aki;outcomes_mortality;oncology_bmt_hsct
c_queries,V8-C-0107,C,V8-REL-E15538A8B6454D7D,1,1,1,1,1,1.0,1.0,neonatal_aki;outcomes_mortality;oncology_bmt_hsct
c_queries,V8-A-0108,A,V8-REL-A692129581CDF0F6,1,1,1,1,1,1.0,1.0,sepsis_critical_care
c_queries,V8-B-0108,B,V8-REL-A692129581CDF0F6,1,1,1,1,1,1.0,1.0,sepsis_critical_care
c_queries,V8-C-0108,C,V8-REL-A692129581CDF0F6,1,1,1,1,1,1.0,1.0,sepsis_critical_care
c_queries,V8-A-0109,A,V8-REL-95FD0BACA0C839B3,4,0,1,1,1,0.25,0.43067655807339306,sepsis_critical_care;cardiac_surgery;aki_akd_ckd_recovery;oncology_bmt_hsct
c_queries,V8-B-0109,B,V8-REL-95FD0BACA0C839B3,16,0,0,0,1,0.0625,0.0,sepsis_critical_care;cardiac_surgery;aki_akd_ckd_recovery;oncology_bmt_hsct
c_queries,V8-C-0109,C,V8-REL-95FD0BACA0C839B3,3,0,1,1,1,0.3333333333333333,0.5,sepsis_critical_care;cardiac_surgery;aki_akd_ckd_recovery;oncology_bmt_hsct
c_queries,V8-A-0110,A,V8-REL-BC10DC262A839979,1,1,1,1,1,1.0,1.0,aki_akd_ckd_recovery;oncology_bmt_hsct
c_queries,V8-B-0110,B,V8-REL-BC10DC262A839979,3,0,1,1,1,0.3333333333333333,0.5,aki_akd_ckd_recovery;oncology_bmt_hsct
c_queries,V8-C-0110,C,V8-REL-BC10DC262A839979,1,1,1,1,1,1.0,1.0,aki_akd_ckd_recovery;oncology_bmt_hsct
c_queries,V8-A-0111,A,V8-REL-EADCFADFE9FCBE7C,1,1,1,1,1,1.0,1.0,sepsis_critical_care;cardiac_surgery;aki_akd_ckd_recovery;outcomes_mortality;oncology_bmt_hsct
c_queries,V8-B-0111,B,V8-REL-EADCFADFE9FCBE7C,10,0,0,1,1,0.1,0.2890648263178879,sepsis_critical_care;cardiac_surgery;aki_akd_ckd_recovery;outcomes_mortality;oncology_bmt_hsct
c_queries,V8-C-0111,C,V8-REL-EADCFADFE9FCBE7C,1,1,1,1,1,1.0,1.0,sepsis_critical_care;cardiac_surgery;aki_akd_ckd_recovery;outcomes_mortality;oncology_bmt_hsct
c_queries,V8-A-0112,A,V8-REL-1FA966674CC110B1,1,1,1,1,1,1.0,1.0,sepsis_critical_care;aki_akd_ckd_recovery
c_queries,V8-B-0112,B,V8-REL-1FA966674CC110B1,1,1,1,1,1,1.0,1.0,sepsis_critical_care;aki_akd_ckd_recovery
c_queries,V8-C-0112,C,V8-REL-1FA966674CC110B1,1,1,1,1,1,1.0,1.0,sepsis_critical_care;aki_akd_ckd_recovery
c_queries,V8-A-0113,A,V8-REL-103DB3CA7BFF9855,1,1,1,1,1,1.0,1.0,aki_akd_ckd_recovery
c_queries,V8-B-0113,B,V8-REL-103DB3CA7BFF9855,1,1,1,1,1,1.0,1.0,aki_akd_ckd_recovery
c_queries,V8-C-0113,C,V8-REL-103DB3CA7BFF9855,3,0,1,1,1,0.3333333333333333,0.5,aki_akd_ckd_recovery
c_queries,V8-A-0114,A,V8-REL-B4C6D7210EC90758,1,1,1,1,1,1.0,1.0,aki_akd_ckd_recovery;oncology_bmt_hsct
c_queries,V8-B-0114,B,V8-REL-B4C6D7210EC90758,3,0,1,1,1,0.3333333333333333,0.5,aki_akd_ckd_recovery;oncology_bmt_hsct
c_queries,V8-C-0114,C,V8-REL-B4C6D7210EC90758,2,0,1,1,1,0.5,0.6309297535714575,aki_akd_ckd_recovery;oncology_bmt_hsct
c_queries,V8-A-0115,A,V8-REL-2FDB8A5C2D5A75D3,5,0,1,1,1,0.2,0.38685280723454163,sepsis_critical_care;cardiac_surgery;aki_akd_ckd_recovery;oncology_bmt_hsct
c_queries,V8-B-0115,B,V8-REL-2FDB8A5C2D5A75D3,15,0,0,0,1,0.06666666666666667,0.0,sepsis_critical_care;cardiac_surgery;aki_akd_ckd_recovery;oncology_bmt_hsct
c_queries,V8-C-0115,C,V8-REL-2FDB8A5C2D5A75D3,2,0,1,1,1,0.5,0.6309297535714575,sepsis_critical_care;cardiac_surgery;aki_akd_ckd_recovery;oncology_bmt_hsct
c_queries,V8-A-0116,A,V8-REL-4E038440C34C71DC,4,0,1,1,1,0.25,0.43067655807339306,sepsis_critical_care;cardiac_surgery;aki_akd_ckd_recovery;outcomes_mortality;oncology_bmt_hsct
c_queries,V8-B-0116,B,V8-REL-4E038440C34C71DC,19,0,0,0,1,0.05263157894736842,0.0,sepsis_critical_care;cardiac_surgery;aki_akd_ckd_recovery;outcomes_mortality;oncology_bmt_hsct
c_queries,V8-C-0116,C,V8-REL-4E038440C34C71DC,2,0,1,1,1,0.5,0.6309297535714575,sepsis_critical_care;cardiac_surgery;aki_akd_ckd_recovery;outcomes_mortality;oncology_bmt_hsct
c_queries,V8-A-0117,A,V8-REL-A319EF3675A48397,1,1,1,1,1,1.0,1.0,aki_akd_ckd_recovery
c_queries,V8-B-0117,B,V8-REL-A319EF3675A48397,4,0,1,1,1,0.25,0.43067655807339306,aki_akd_ckd_recovery
c_queries,V8-C-0117,C,V8-REL-A319EF3675A48397,5,0,1,1,1,0.2,0.38685280723454163,aki_akd_ckd_recovery
c_queries,V8-A-0118,A,V8-REL-B293E14729AC3A39,1,1,1,1,1,1.0,1.0,sepsis_critical_care;cardiac_surgery;aki_akd_ckd_recovery
c_queries,V8-B-0118,B,V8-REL-B293E14729AC3A39,9,0,0,1,1,0.1111111111111111,0.3010299956639812,sepsis_critical_care;cardiac_surgery;aki_akd_ckd_recovery
c_queries,V8-C-0118,C,V8-REL-B293E14729AC3A39,1,1,1,1,1,1.0,1.0,sepsis_critical_care;cardiac_surgery;aki_akd_ckd_recovery
c_queries,V8-A-0119,A,V8-REL-0C354C1E93208F8B,1,1,1,1,1,1.0,1.0,cardiac_surgery;nephrotoxic_medication;oncology_bmt_hsct
c_queries,V8-B-0119,B,V8-REL-0C354C1E93208F8B,3,0,1,1,1,0.3333333333333333,0.5,cardiac_surgery;nephrotoxic_medication;oncology_bmt_hsct
c_queries,V8-C-0119,C,V8-REL-0C354C1E93208F8B,1,1,1,1,1,1.0,1.0,cardiac_surgery;nephrotoxic_medication;oncology_bmt_hsct
c_queries,V8-A-0120,A,V8-REL-92613BB403DA56A2,1,1,1,1,1,1.0,1.0,nephrotoxic_medication
c_queries,V8-B-0120,B,V8-REL-92613BB403DA56A2,1,1,1,1,1,1.0,1.0,nephrotoxic_medication
c_queries,V8-C-0120,C,V8-REL-92613BB403DA56A2,1,1,1,1,1,1.0,1.0,nephrotoxic_medication
c_queries,V8-A-0121,A,V8-REL-5B4E2E4C640A6EB2,1,1,1,1,1,1.0,1.0,nephrotoxic_medication;outcomes_mortality
c_queries,V8-B-0121,B,V8-REL-5B4E2E4C640A6EB2,1,1,1,1,1,1.0,1.0,nephrotoxic_medication;outcomes_mortality
c_queries,V8-C-0121,C,V8-REL-5B4E2E4C640A6EB2,1,1,1,1,1,1.0,1.0,nephrotoxic_medication;outcomes_mortality
c_queries,V8-A-0122,A,V8-REL-26381313947EA25B,1,1,1,1,1,1.0,1.0,nephrotoxic_medication
c_queries,V8-B-0122,B,V8-REL-26381313947EA25B,1,1,1,1,1,1.0,1.0,nephrotoxic_medication
c_queries,V8-C-0122,C,V8-REL-26381313947EA25B,1,1,1,1,1,1.0,1.0,nephrotoxic_medication
c_queries,V8-A-0123,A,V8-REL-B4E2F227ACFCA6EA,1,1,1,1,1,1.0,1.0,cardiac_surgery;nephrotoxic_medication
c_queries,V8-B-0123,B,V8-REL-B4E2F227ACFCA6EA,2,0,1,1,1,0.5,0.6309297535714575,cardiac_surgery;nephrotoxic_medication
c_queries,V8-C-0123,C,V8-REL-B4E2F227ACFCA6EA,1,1,1,1,1,1.0,1.0,cardiac_surgery;nephrotoxic_medication
c_queries,V8-A-0124,A,V8-REL-6D75F6B83BD18031,1,1,1,1,1,1.0,1.0,sepsis_critical_care;aki_akd_ckd_recovery
c_queries,V8-B-0124,B,V8-REL-6D75F6B83BD18031,2,0,1,1,1,0.5,0.6309297535714575,sepsis_critical_care;aki_akd_ckd_recovery
c_queries,V8-C-0124,C,V8-REL-6D75F6B83BD18031,1,1,1,1,1,1.0,1.0,sepsis_critical_care;aki_akd_ckd_recovery
c_queries,V8-A-0125,A,V8-REL-844FECD3F93370B5,1,1,1,1,1,1.0,1.0,sepsis_critical_care;outcomes_mortality
c_queries,V8-B-0125,B,V8-REL-844FECD3F93370B5,1,1,1,1,1,1.0,1.0,sepsis_critical_care;outcomes_mortality
c_queries,V8-C-0125,C,V8-REL-844FECD3F93370B5,1,1,1,1,1,1.0,1.0,sepsis_critical_care;outcomes_mortality
c_queries,V8-A-0126,A,V8-REL-6A8A9B92A22D9CF4,1,1,1,1,1,1.0,1.0,sepsis_critical_care;outcomes_mortality
c_queries,V8-B-0126,B,V8-REL-6A8A9B92A22D9CF4,3,0,1,1,1,0.3333333333333333,0.5,sepsis_critical_care;outcomes_mortality
c_queries,V8-C-0126,C,V8-REL-6A8A9B92A22D9CF4,2,0,1,1,1,0.5,0.6309297535714575,sepsis_critical_care;outcomes_mortality
c_queries,V8-A-0127,A,V8-REL-49400CEA68E91B36,1,1,1,1,1,1.0,1.0,sepsis_critical_care;aki_akd_ckd_recovery
c_queries,V8-B-0127,B,V8-REL-49400CEA68E91B36,2,0,1,1,1,0.5,0.6309297535714575,sepsis_critical_care;aki_akd_ckd_recovery
c_queries,V8-C-0127,C,V8-REL-49400CEA68E91B36,1,1,1,1,1,1.0,1.0,sepsis_critical_care;aki_akd_ckd_recovery
c_queries,V8-A-0128,A,V8-REL-CF242F4C0091E016,2,0,1,1,1,0.5,0.6309297535714575,sepsis_critical_care;cardiac_surgery;biomarkers
c_queries,V8-B-0128,B,V8-REL-CF242F4C0091E016,5,0,1,1,1,0.2,0.38685280723454163,sepsis_critical_care;cardiac_surgery;biomarkers
c_queries,V8-C-0128,C,V8-REL-CF242F4C0091E016,1,1,1,1,1,1.0,1.0,sepsis_critical_care;cardiac_surgery;biomarkers
c_queries,V8-A-0129,A,V8-REL-42EF7EA4AC6C8AD9,1,1,1,1,1,1.0,1.0,biomarkers;aki_akd_ckd_recovery
c_queries,V8-B-0129,B,V8-REL-42EF7EA4AC6C8AD9,1,1,1,1,1,1.0,1.0,biomarkers;aki_akd_ckd_recovery
c_queries,V8-C-0129,C,V8-REL-42EF7EA4AC6C8AD9,1,1,1,1,1,1.0,1.0,biomarkers;aki_akd_ckd_recovery
c_queries,V8-A-0130,A,V8-REL-FD6AD1C4C5E4B930,1,1,1,1,1,1.0,1.0,sepsis_critical_care;biomarkers;outcomes_mortality
c_queries,V8-B-0130,B,V8-REL-FD6AD1C4C5E4B930,3,0,1,1,1,0.3333333333333333,0.5,sepsis_critical_care;biomarkers;outcomes_mortality
c_queries,V8-C-0130,C,V8-REL-FD6AD1C4C5E4B930,1,1,1,1,1,1.0,1.0,sepsis_critical_care;biomarkers;outcomes_mortality
c_queries,V8-A-0131,A,V8-REL-90A9A5EE4B4E7B45,1,1,1,1,1,1.0,1.0,biomarkers
c_queries,V8-B-0131,B,V8-REL-90A9A5EE4B4E7B45,1,1,1,1,1,1.0,1.0,biomarkers
c_queries,V8-C-0131,C,V8-REL-90A9A5EE4B4E7B45,1,1,1,1,1,1.0,1.0,biomarkers
c_queries,V8-A-0132,A,V8-REL-885A68C7BBA4A175,1,1,1,1,1,1.0,1.0,sepsis_critical_care;biomarkers;oncology_bmt_hsct
c_queries,V8-B-0132,B,V8-REL-885A68C7BBA4A175,4,0,1,1,1,0.25,0.43067655807339306,sepsis_critical_care;biomarkers;oncology_bmt_hsct
c_queries,V8-C-0132,C,V8-REL-885A68C7BBA4A175,1,1,1,1,1,1.0,1.0,sepsis_critical_care;biomarkers;oncology_bmt_hsct
c_queries,V8-A-0133,A,V8-REL-12881469B0B4622A,1,1,1,1,1,1.0,1.0,sepsis_critical_care;biomarkers
c_queries,V8-B-0133,B,V8-REL-12881469B0B4622A,1,1,1,1,1,1.0,1.0,sepsis_critical_care;biomarkers
c_queries,V8-C-0133,C,V8-REL-12881469B0B4622A,1,1,1,1,1,1.0,1.0,sepsis_critical_care;biomarkers
c_queries,V8-A-0134,A,V8-REL-33CDB7F434E24DC0,1,1,1,1,1,1.0,1.0,cardiac_surgery;biomarkers
c_queries,V8-B-0134,B,V8-REL-33CDB7F434E24DC0,3,0,1,1,1,0.3333333333333333,0.5,cardiac_surgery;biomarkers
c_queries,V8-C-0134,C,V8-REL-33CDB7F434E24DC0,1,1,1,1,1,1.0,1.0,cardiac_surgery;biomarkers
c_queries,V8-A-0135,A,V8-REL-238B22459AD7E37F,1,1,1,1,1,1.0,1.0,biomarkers;outcomes_mortality
c_queries,V8-B-0135,B,V8-REL-238B22459AD7E37F,2,0,1,1,1,0.5,0.6309297535714575,biomarkers;outcomes_mortality
c_queries,V8-C-0135,C,V8-REL-238B22459AD7E37F,2,0,1,1,1,0.5,0.6309297535714575,biomarkers;outcomes_mortality
c_queries,V8-A-0136,A,V8-REL-AB9525F4CB374EA5,1,1,1,1,1,1.0,1.0,biomarkers;aki_akd_ckd_recovery
c_queries,V8-B-0136,B,V8-REL-AB9525F4CB374EA5,1,1,1,1,1,1.0,1.0,biomarkers;aki_akd_ckd_recovery
c_queries,V8-C-0136,C,V8-REL-AB9525F4CB374EA5,1,1,1,1,1,1.0,1.0,biomarkers;aki_akd_ckd_recovery
c_queries,V8-A-0137,A,V8-REL-AE584CF690EBCB0F,3,0,1,1,1,0.3333333333333333,0.5,sepsis_critical_care;cardiac_surgery;biomarkers;neonatal_aki
c_queries,V8-B-0137,B,V8-REL-AE584CF690EBCB0F,7,0,0,1,1,0.14285714285714285,0.3333333333333333,sepsis_critical_care;cardiac_surgery;biomarkers;neonatal_aki
c_queries,V8-C-0137,C,V8-REL-AE584CF690EBCB0F,1,1,1,1,1,1.0,1.0,sepsis_critical_care;cardiac_surgery;biomarkers;neonatal_aki
c_queries,V8-A-0138,A,V8-REL-585196980B2137DD,1,1,1,1,1,1.0,1.0,biomarkers;outcomes_mortality
c_queries,V8-B-0138,B,V8-REL-585196980B2137DD,1,1,1,1,1,1.0,1.0,biomarkers;outcomes_mortality
c_queries,V8-C-0138,C,V8-REL-585196980B2137DD,1,1,1,1,1,1.0,1.0,biomarkers;outcomes_mortality
c_queries,V8-A-0139,A,V8-REL-61932359428558DA,1,1,1,1,1,1.0,1.0,biomarkers;neonatal_aki
c_queries,V8-B-0139,B,V8-REL-61932359428558DA,2,0,1,1,1,0.5,0.6309297535714575,biomarkers;neonatal_aki
c_queries,V8-C-0139,C,V8-REL-61932359428558DA,1,1,1,1,1,1.0,1.0,biomarkers;neonatal_aki
c_queries,V8-A-0140,A,V8-REL-6A49C9104C3C25D5,1,1,1,1,1,1.0,1.0,aki_akd_ckd_recovery;oncology_bmt_hsct
c_queries,V8-B-0140,B,V8-REL-6A49C9104C3C25D5,7,0,0,1,1,0.14285714285714285,0.3333333333333333,aki_akd_ckd_recovery;oncology_bmt_hsct
c_queries,V8-C-0140,C,V8-REL-6A49C9104C3C25D5,1,1,1,1,1,1.0,1.0,aki_akd_ckd_recovery;oncology_bmt_hsct
c_queries,V8-A-0141,A,V8-REL-256B1DB7CFFB1601,1,1,1,1,1,1.0,1.0,aki_akd_ckd_recovery
c_queries,V8-B-0141,B,V8-REL-256B1DB7CFFB1601,1,1,1,1,1,1.0,1.0,aki_akd_ckd_recovery
c_queries,V8-C-0141,C,V8-REL-256B1DB7CFFB1601,1,1,1,1,1,1.0,1.0,aki_akd_ckd_recovery
c_queries,V8-A-0142,A,V8-REL-3206555CB585F331,3,0,1,1,1,0.3333333333333333,0.5,sepsis_critical_care;cardiac_surgery;outcomes_mortality;oncology_bmt_hsct
c_queries,V8-B-0142,B,V8-REL-3206555CB585F331,10,0,0,1,1,0.1,0.2890648263178879,sepsis_critical_care;cardiac_surgery;outcomes_mortality;oncology_bmt_hsct
c_queries,V8-C-0142,C,V8-REL-3206555CB585F331,1,1,1,1,1,1.0,1.0,sepsis_critical_care;cardiac_surgery;outcomes_mortality;oncology_bmt_hsct
c_queries,V8-A-0143,A,V8-REL-110F144C8421D383,1,1,1,1,1,1.0,1.0,unassigned
c_queries,V8-B-0143,B,V8-REL-110F144C8421D383,1,1,1,1,1,1.0,1.0,unassigned
c_queries,V8-C-0143,C,V8-REL-110F144C8421D383,1,1,1,1,1,1.0,1.0,unassigned
c_queries,V8-A-0144,A,V8-REL-E327E6FC32D73779,1,1,1,1,1,1.0,1.0,sepsis_critical_care;cardiac_surgery
c_queries,V8-B-0144,B,V8-REL-E327E6FC32D73779,5,0,1,1,1,0.2,0.38685280723454163,sepsis_critical_care;cardiac_surgery
c_queries,V8-C-0144,C,V8-REL-E327E6FC32D73779,1,1,1,1,1,1.0,1.0,sepsis_critical_care;cardiac_surgery
c_queries,V8-A-0145,A,V8-REL-E641CC3D618602DC,1,1,1,1,1,1.0,1.0,cardiac_surgery;neonatal_aki;fluid_hemodynamics
c_queries,V8-B-0145,B,V8-REL-E641CC3D618602DC,2,0,1,1,1,0.5,0.6309297535714575,cardiac_surgery;neonatal_aki;fluid_hemodynamics
c_queries,V8-C-0145,C,V8-REL-E641CC3D618602DC,1,1,1,1,1,1.0,1.0,cardiac_surgery;neonatal_aki;fluid_hemodynamics
c_queries,V8-A-0146,A,V8-REL-974D146265229272,1,1,1,1,1,1.0,1.0,outcomes_mortality;fluid_hemodynamics
c_queries,V8-B-0146,B,V8-REL-974D146265229272,1,1,1,1,1,1.0,1.0,outcomes_mortality;fluid_hemodynamics
c_queries,V8-C-0146,C,V8-REL-974D146265229272,1,1,1,1,1,1.0,1.0,outcomes_mortality;fluid_hemodynamics
c_queries,V8-A-0147,A,V8-REL-E379727C195B5F68,2,0,1,1,1,0.5,0.6309297535714575,sepsis_critical_care;cardiac_surgery;neonatal_aki;outcomes_mortality;fluid_hemodynamics
c_queries,V8-B-0147,B,V8-REL-E379727C195B5F68,4,0,1,1,1,0.25,0.43067655807339306,sepsis_critical_care;cardiac_surgery;neonatal_aki;outcomes_mortality;fluid_hemodynamics
c_queries,V8-C-0147,C,V8-REL-E379727C195B5F68,1,1,1,1,1,1.0,1.0,sepsis_critical_care;cardiac_surgery;neonatal_aki;outcomes_mortality;fluid_hemodynamics
c_queries,V8-A-0148,A,V8-REL-52992CC4AF179A0C,1,1,1,1,1,1.0,1.0,aki_akd_ckd_recovery;fluid_hemodynamics
c_queries,V8-B-0148,B,V8-REL-52992CC4AF179A0C,1,1,1,1,1,1.0,1.0,aki_akd_ckd_recovery;fluid_hemodynamics
c_queries,V8-C-0148,C,V8-REL-52992CC4AF179A0C,1,1,1,1,1,1.0,1.0,aki_akd_ckd_recovery;fluid_hemodynamics
c_queries,V8-A-0149,A,V8-REL-0597EBE5A1E82AF6,1,1,1,1,1,1.0,1.0,sepsis_critical_care;cardiac_surgery;fluid_hemodynamics
c_queries,V8-B-0149,B,V8-REL-0597EBE5A1E82AF6,3,0,1,1,1,0.3333333333333333,0.5,sepsis_critical_care;cardiac_surgery;fluid_hemodynamics
c_queries,V8-C-0149,C,V8-REL-0597EBE5A1E82AF6,1,1,1,1,1,1.0,1.0,sepsis_critical_care;cardiac_surgery;fluid_hemodynamics
c_queries,V8-A-0150,A,V8-REL-A62F976138F756C1,1,1,1,1,1,1.0,1.0,neonatal_aki;outcomes_mortality;fluid_hemodynamics
c_queries,V8-B-0150,B,V8-REL-A62F976138F756C1,2,0,1,1,1,0.5,0.6309297535714575,neonatal_aki;outcomes_mortality;fluid_hemodynamics
c_queries,V8-C-0150,C,V8-REL-A62F976138F756C1,1,1,1,1,1,1.0,1.0,neonatal_aki;outcomes_mortality;fluid_hemodynamics
c_queries,V8-A-0151,A,V8-REL-8809BFCDE3BAA6C4,1,1,1,1,1,1.0,1.0,sepsis_critical_care;aki_akd_ckd_recovery
c_queries,V8-B-0151,B,V8-REL-8809BFCDE3BAA6C4,1,1,1,1,1,1.0,1.0,sepsis_critical_care;aki_akd_ckd_recovery
c_queries,V8-C-0151,C,V8-REL-8809BFCDE3BAA6C4,1,1,1,1,1,1.0,1.0,sepsis_critical_care;aki_akd_ckd_recovery
c_queries,V8-A-0152,A,V8-REL-9C4C1B45E7CFEB7D,1,1,1,1,1,1.0,1.0,sepsis_critical_care
c_queries,V8-B-0152,B,V8-REL-9C4C1B45E7CFEB7D,1,1,1,1,1,1.0,1.0,sepsis_critical_care
c_queries,V8-C-0152,C,V8-REL-9C4C1B45E7CFEB7D,1,1,1,1,1,1.0,1.0,sepsis_critical_care
c_queries,V8-A-0153,A,V8-REL-15B1C6E4780846ED,1,1,1,1,1,1.0,1.0,sepsis_critical_care;neonatal_aki
c_queries,V8-B-0153,B,V8-REL-15B1C6E4780846ED,5,0,1,1,1,0.2,0.38685280723454163,sepsis_critical_care;neonatal_aki
c_queries,V8-C-0153,C,V8-REL-15B1C6E4780846ED,1,1,1,1,1,1.0,1.0,sepsis_critical_care;neonatal_aki
c_queries,V8-A-0154,A,V8-REL-28C73B2329C061C5,1,1,1,1,1,1.0,1.0,sepsis_critical_care;neonatal_aki
c_queries,V8-B-0154,B,V8-REL-28C73B2329C061C5,4,0,1,1,1,0.25,0.43067655807339306,sepsis_critical_care;neonatal_aki
c_queries,V8-C-0154,C,V8-REL-28C73B2329C061C5,1,1,1,1,1,1.0,1.0,sepsis_critical_care;neonatal_aki
c_queries,V8-A-0155,A,V8-REL-7F9D8EEDB48F696B,2,0,1,1,1,0.5,0.6309297535714575,sepsis_critical_care;cardiac_surgery;oncology_bmt_hsct
c_queries,V8-B-0155,B,V8-REL-7F9D8EEDB48F696B,2,0,1,1,1,0.5,0.6309297535714575,sepsis_critical_care;cardiac_surgery;oncology_bmt_hsct
c_queries,V8-C-0155,C,V8-REL-7F9D8EEDB48F696B,1,1,1,1,1,1.0,1.0,sepsis_critical_care;cardiac_surgery;oncology_bmt_hsct
c_queries,V8-A-0156,A,V8-REL-139CACF04E7E43F9,1,1,1,1,1,1.0,1.0,sepsis_critical_care
c_queries,V8-B-0156,B,V8-REL-139CACF04E7E43F9,1,1,1,1,1,1.0,1.0,sepsis_critical_care
c_queries,V8-C-0156,C,V8-REL-139CACF04E7E43F9,1,1,1,1,1,1.0,1.0,sepsis_critical_care
c_queries,V8-A-0157,A,V8-REL-587A4CD7E9FB5CFA,1,1,1,1,1,1.0,1.0,sepsis_critical_care;neonatal_aki;outcomes_mortality
c_queries,V8-B-0157,B,V8-REL-587A4CD7E9FB5CFA,2,0,1,1,1,0.5,0.6309297535714575,sepsis_critical_care;neonatal_aki;outcomes_mortality
c_queries,V8-C-0157,C,V8-REL-587A4CD7E9FB5CFA,1,1,1,1,1,1.0,1.0,sepsis_critical_care;neonatal_aki;outcomes_mortality
c_queries,V8-A-0158,A,V8-REL-5BA23854B7B5560A,1,1,1,1,1,1.0,1.0,sepsis_critical_care
c_queries,V8-B-0158,B,V8-REL-5BA23854B7B5560A,1,1,1,1,1,1.0,1.0,sepsis_critical_care
c_queries,V8-C-0158,C,V8-REL-5BA23854B7B5560A,2,0,1,1,1,0.5,0.6309297535714575,sepsis_critical_care
c_queries,V8-A-0159,A,V8-REL-F3E699199D14DB97,1,1,1,1,1,1.0,1.0,unassigned
c_queries,V8-B-0159,B,V8-REL-F3E699199D14DB97,1,1,1,1,1,1.0,1.0,unassigned
c_queries,V8-C-0159,C,V8-REL-F3E699199D14DB97,1,1,1,1,1,1.0,1.0,unassigned
c_queries,V8-A-0160,A,V8-REL-7C5833D89700F7EE,1,1,1,1,1,1.0,1.0,sepsis_critical_care;cardiac_surgery;neonatal_aki;oncology_bmt_hsct
c_queries,V8-B-0160,B,V8-REL-7C5833D89700F7EE,5,0,1,1,1,0.2,0.38685280723454163,sepsis_critical_care;cardiac_surgery;neonatal_aki;oncology_bmt_hsct
c_queries,V8-C-0160,C,V8-REL-7C5833D89700F7EE,1,1,1,1,1,1.0,1.0,sepsis_critical_care;cardiac_surgery;neonatal_aki;oncology_bmt_hsct
c_queries,V8-A-0161,A,V8-REL-BBBCA6CC575298AF,1,1,1,1,1,1.0,1.0,sepsis_critical_care;outcomes_mortality
c_queries,V8-B-0161,B,V8-REL-BBBCA6CC575298AF,1,1,1,1,1,1.0,1.0,sepsis_critical_care;outcomes_mortality
c_queries,V8-C-0161,C,V8-REL-BBBCA6CC575298AF,1,1,1,1,1,1.0,1.0,sepsis_critical_care;outcomes_mortality
c_queries,V8-A-0162,A,V8-REL-A0802783067000C7,1,1,1,1,1,1.0,1.0,sepsis_critical_care;neonatal_aki
c_queries,V8-B-0162,B,V8-REL-A0802783067000C7,1,1,1,1,1,1.0,1.0,sepsis_critical_care;neonatal_aki
c_queries,V8-C-0162,C,V8-REL-A0802783067000C7,1,1,1,1,1,1.0,1.0,sepsis_critical_care;neonatal_aki
c_queries,V8-A-0163,A,V8-REL-283D86F71C77085B,1,1,1,1,1,1.0,1.0,sepsis_critical_care;neonatal_aki
c_queries,V8-B-0163,B,V8-REL-283D86F71C77085B,1,1,1,1,1,1.0,1.0,sepsis_critical_care;neonatal_aki
c_queries,V8-C-0163,C,V8-REL-283D86F71C77085B,1,1,1,1,1,1.0,1.0,sepsis_critical_care;neonatal_aki
c_queries,V8-A-0164,A,V8-REL-805F460CA3A33150,1,1,1,1,1,1.0,1.0,neonatal_aki
c_queries,V8-B-0164,B,V8-REL-805F460CA3A33150,1,1,1,1,1,1.0,1.0,neonatal_aki
c_queries,V8-C-0164,C,V8-REL-805F460CA3A33150,1,1,1,1,1,1.0,1.0,neonatal_aki
c_queries,V8-A-0165,A,V8-REL-DD1375C5CC23EC1D,1,1,1,1,1,1.0,1.0,nephrotoxic_medication;aki_akd_ckd_recovery
c_queries,V8-B-0165,B,V8-REL-DD1375C5CC23EC1D,1,1,1,1,1,1.0,1.0,nephrotoxic_medication;aki_akd_ckd_recovery
c_queries,V8-C-0165,C,V8-REL-DD1375C5CC23EC1D,1,1,1,1,1,1.0,1.0,nephrotoxic_medication;aki_akd_ckd_recovery
c_queries,V8-A-0166,A,V8-REL-9E9D7BF43922ABDF,2,0,1,1,1,0.5,0.6309297535714575,sepsis_critical_care;nephrotoxic_medication;neonatal_aki
c_queries,V8-B-0166,B,V8-REL-9E9D7BF43922ABDF,1,1,1,1,1,1.0,1.0,sepsis_critical_care;nephrotoxic_medication;neonatal_aki
c_queries,V8-C-0166,C,V8-REL-9E9D7BF43922ABDF,1,1,1,1,1,1.0,1.0,sepsis_critical_care;nephrotoxic_medication;neonatal_aki
c_queries,V8-A-0167,A,V8-REL-9B7299D074A2D536,1,1,1,1,1,1.0,1.0,nephrotoxic_medication;aki_akd_ckd_recovery
c_queries,V8-B-0167,B,V8-REL-9B7299D074A2D536,1,1,1,1,1,1.0,1.0,nephrotoxic_medication;aki_akd_ckd_recovery
c_queries,V8-C-0167,C,V8-REL-9B7299D074A2D536,1,1,1,1,1,1.0,1.0,nephrotoxic_medication;aki_akd_ckd_recovery
c_queries,V8-A-0168,A,V8-REL-386581CB4C2DA415,1,1,1,1,1,1.0,1.0,nephrotoxic_medication;outcomes_mortality
c_queries,V8-B-0168,B,V8-REL-386581CB4C2DA415,1,1,1,1,1,1.0,1.0,nephrotoxic_medication;outcomes_mortality
c_queries,V8-C-0168,C,V8-REL-386581CB4C2DA415,1,1,1,1,1,1.0,1.0,nephrotoxic_medication;outcomes_mortality
c_queries,V8-A-0169,A,V8-REL-DE6EA8BEF58E5F6F,1,1,1,1,1,1.0,1.0,nephrotoxic_medication;outcomes_mortality
c_queries,V8-B-0169,B,V8-REL-DE6EA8BEF58E5F6F,1,1,1,1,1,1.0,1.0,nephrotoxic_medication;outcomes_mortality
c_queries,V8-C-0169,C,V8-REL-DE6EA8BEF58E5F6F,1,1,1,1,1,1.0,1.0,nephrotoxic_medication;outcomes_mortality
c_queries,V8-A-0170,A,V8-REL-C08BF29CE4F37FF1,1,1,1,1,1,1.0,1.0,definition_staging
c_queries,V8-B-0170,B,V8-REL-C08BF29CE4F37FF1,1,1,1,1,1,1.0,1.0,definition_staging
c_queries,V8-C-0170,C,V8-REL-C08BF29CE4F37FF1,1,1,1,1,1,1.0,1.0,definition_staging
c_queries,V8-A-0171,A,V8-REL-7666C633B788AA0A,1,1,1,1,1,1.0,1.0,sepsis_critical_care;cardiac_surgery;neonatal_aki
c_queries,V8-B-0171,B,V8-REL-7666C633B788AA0A,21,0,0,0,0,0.047619047619047616,0.0,sepsis_critical_care;cardiac_surgery;neonatal_aki
c_queries,V8-C-0171,C,V8-REL-7666C633B788AA0A,2,0,1,1,1,0.5,0.6309297535714575,sepsis_critical_care;cardiac_surgery;neonatal_aki
c_queries,V8-A-0172,A,V8-REL-558845F24A64F0AA,1,1,1,1,1,1.0,1.0,sepsis_critical_care
c_queries,V8-B-0172,B,V8-REL-558845F24A64F0AA,2,0,1,1,1,0.5,0.6309297535714575,sepsis_critical_care
c_queries,V8-C-0172,C,V8-REL-558845F24A64F0AA,2,0,1,1,1,0.5,0.6309297535714575,sepsis_critical_care
c_queries,V8-A-0173,A,V8-REL-694B309DC34697A1,1,1,1,1,1,1.0,1.0,sepsis_critical_care;outcomes_mortality
c_queries,V8-B-0173,B,V8-REL-694B309DC34697A1,2,0,1,1,1,0.5,0.6309297535714575,sepsis_critical_care;outcomes_mortality
c_queries,V8-C-0173,C,V8-REL-694B309DC34697A1,1,1,1,1,1,1.0,1.0,sepsis_critical_care;outcomes_mortality
c_queries,V8-A-0174,A,V8-REL-34555BB823909E4D,1,1,1,1,1,1.0,1.0,sepsis_critical_care;cardiac_surgery;neonatal_aki;outcomes_mortality
c_queries,V8-B-0174,B,V8-REL-34555BB823909E4D,11,0,0,0,1,0.09090909090909091,0.0,sepsis_critical_care;cardiac_surgery;neonatal_aki;outcomes_mortality
c_queries,V8-C-0174,C,V8-REL-34555BB823909E4D,1,1,1,1,1,1.0,1.0,sepsis_critical_care;cardiac_surgery;neonatal_aki;outcomes_mortality
c_queries,V8-A-0175,A,V8-REL-40685646BC6547FA,1,1,1,1,1,1.0,1.0,definition_staging;sepsis_critical_care
c_queries,V8-B-0175,B,V8-REL-40685646BC6547FA,2,0,1,1,1,0.5,0.6309297535714575,definition_staging;sepsis_critical_care
c_queries,V8-C-0175,C,V8-REL-40685646BC6547FA,2,0,1,1,1,0.5,0.6309297535714575,definition_staging;sepsis_critical_care
c_queries,V8-A-0176,A,V8-REL-61EBF256742EB160,1,1,1,1,1,1.0,1.0,definition_staging;sepsis_critical_care
c_queries,V8-B-0176,B,V8-REL-61EBF256742EB160,3,0,1,1,1,0.3333333333333333,0.5,definition_staging;sepsis_critical_care
c_queries,V8-C-0176,C,V8-REL-61EBF256742EB160,1,1,1,1,1,1.0,1.0,definition_staging;sepsis_critical_care
c_queries,V8-A-0177,A,V8-REL-0D2871AE449DE02D,1,1,1,1,1,1.0,1.0,definition_staging;sepsis_critical_care
c_queries,V8-B-0177,B,V8-REL-0D2871AE449DE02D,1,1,1,1,1,1.0,1.0,definition_staging;sepsis_critical_care
c_queries,V8-C-0177,C,V8-REL-0D2871AE449DE02D,1,1,1,1,1,1.0,1.0,definition_staging;sepsis_critical_care
c_queries,V8-A-0178,A,V8-REL-BD7CA096F19A43F6,1,1,1,1,1,1.0,1.0,sepsis_critical_care;aki_akd_ckd_recovery
c_queries,V8-B-0178,B,V8-REL-BD7CA096F19A43F6,6,0,0,1,1,0.16666666666666666,0.3562071871080222,sepsis_critical_care;aki_akd_ckd_recovery
c_queries,V8-C-0178,C,V8-REL-BD7CA096F19A43F6,1,1,1,1,1,1.0,1.0,sepsis_critical_care;aki_akd_ckd_recovery
c_queries,V8-A-0179,A,V8-REL-2B624C618F3FF491,2,0,1,1,1,0.5,0.6309297535714575,sepsis_critical_care;cardiac_surgery;neonatal_aki
c_queries,V8-B-0179,B,V8-REL-2B624C618F3FF491,23,0,0,0,0,0.043478260869565216,0.0,sepsis_critical_care;cardiac_surgery;neonatal_aki
c_queries,V8-C-0179,C,V8-REL-2B624C618F3FF491,3,0,1,1,1,0.3333333333333333,0.5,sepsis_critical_care;cardiac_surgery;neonatal_aki
c_queries,V8-A-0180,A,V8-REL-9E8A423E7AA5E55F,1,1,1,1,1,1.0,1.0,sepsis_critical_care;aki_akd_ckd_recovery
c_queries,V8-B-0180,B,V8-REL-9E8A423E7AA5E55F,1,1,1,1,1,1.0,1.0,sepsis_critical_care;aki_akd_ckd_recovery
c_queries,V8-C-0180,C,V8-REL-9E8A423E7AA5E55F,1,1,1,1,1,1.0,1.0,sepsis_critical_care;aki_akd_ckd_recovery
c_queries,V8-A-0181,A,V8-REL-AA112EA52312693D,1,1,1,1,1,1.0,1.0,sepsis_critical_care
c_queries,V8-B-0181,B,V8-REL-AA112EA52312693D,3,0,1,1,1,0.3333333333333333,0.5,sepsis_critical_care
c_queries,V8-C-0181,C,V8-REL-AA112EA52312693D,2,0,1,1,1,0.5,0.6309297535714575,sepsis_critical_care
c_queries,V8-A-0182,A,V8-REL-C987C5ED0B44536D,1,1,1,1,1,1.0,1.0,sepsis_critical_care
c_queries,V8-B-0182,B,V8-REL-C987C5ED0B44536D,9,0,0,1,1,0.1111111111111111,0.3010299956639812,sepsis_critical_care
c_queries,V8-C-0182,C,V8-REL-C987C5ED0B44536D,9,0,0,1,1,0.1111111111111111,0.3010299956639812,sepsis_critical_care
c_queries,V8-A-0183,A,V8-REL-E810EF523A01325A,1,1,1,1,1,1.0,1.0,sepsis_critical_care;aki_akd_ckd_recovery
c_queries,V8-B-0183,B,V8-REL-E810EF523A01325A,3,0,1,1,1,0.3333333333333333,0.5,sepsis_critical_care;aki_akd_ckd_recovery
c_queries,V8-C-0183,C,V8-REL-E810EF523A01325A,1,1,1,1,1,1.0,1.0,sepsis_critical_care;aki_akd_ckd_recovery
c_queries,V8-A-0184,A,V8-REL-2EC0B8354F7BD416,2,0,1,1,1,0.5,0.6309297535714575,definition_staging;sepsis_critical_care;cardiac_surgery;oncology_bmt_hsct
c_queries,V8-B-0184,B,V8-REL-2EC0B8354F7BD416,9,0,0,1,1,0.1111111111111111,0.3010299956639812,definition_staging;sepsis_critical_care;cardiac_surgery;oncology_bmt_hsct
c_queries,V8-C-0184,C,V8-REL-2EC0B8354F7BD416,1,1,1,1,1,1.0,1.0,definition_staging;sepsis_critical_care;cardiac_surgery;oncology_bmt_hsct
c_queries,V8-A-0185,A,V8-REL-21B3A5EDC04056F5,1,1,1,1,1,1.0,1.0,definition_staging;cardiac_surgery
c_queries,V8-B-0185,B,V8-REL-21B3A5EDC04056F5,1,1,1,1,1,1.0,1.0,definition_staging;cardiac_surgery
c_queries,V8-C-0185,C,V8-REL-21B3A5EDC04056F5,1,1,1,1,1,1.0,1.0,definition_staging;cardiac_surgery
c_queries,V8-A-0186,A,V8-REL-16FE897DD5B7B4C1,1,1,1,1,1,1.0,1.0,definition_staging;aki_akd_ckd_recovery;oncology_bmt_hsct
c_queries,V8-B-0186,B,V8-REL-16FE897DD5B7B4C1,1,1,1,1,1,1.0,1.0,definition_staging;aki_akd_ckd_recovery;oncology_bmt_hsct
c_queries,V8-C-0186,C,V8-REL-16FE897DD5B7B4C1,1,1,1,1,1,1.0,1.0,definition_staging;aki_akd_ckd_recovery;oncology_bmt_hsct
c_queries,V8-A-0187,A,V8-REL-1E718C73AEE26F3C,1,1,1,1,1,1.0,1.0,definition_staging;outcomes_mortality
c_queries,V8-B-0187,B,V8-REL-1E718C73AEE26F3C,1,1,1,1,1,1.0,1.0,definition_staging;outcomes_mortality
c_queries,V8-C-0187,C,V8-REL-1E718C73AEE26F3C,2,0,1,1,1,0.5,0.6309297535714575,definition_staging;outcomes_mortality
c_queries,V8-A-0188,A,V8-REL-47BA6F9C83DFC70E,6,0,0,1,1,0.16666666666666666,0.3562071871080222,definition_staging;sepsis_critical_care;cardiac_surgery;neonatal_aki;outcomes_mortality;oncology_bmt_hsct
c_queries,V8-B-0188,B,V8-REL-47BA6F9C83DFC70E,19,0,0,0,1,0.05263157894736842,0.0,definition_staging;sepsis_critical_care;cardiac_surgery;neonatal_aki;outcomes_mortality;oncology_bmt_hsct
c_queries,V8-C-0188,C,V8-REL-47BA6F9C83DFC70E,1,1,1,1,1,1.0,1.0,definition_staging;sepsis_critical_care;cardiac_surgery;neonatal_aki;outcomes_mortality;oncology_bmt_hsct
c_queries,V8-A-0189,A,V8-REL-5A3B250DDCCE92ED,1,1,1,1,1,1.0,1.0,definition_staging;aki_akd_ckd_recovery
c_queries,V8-B-0189,B,V8-REL-5A3B250DDCCE92ED,2,0,1,1,1,0.5,0.6309297535714575,definition_staging;aki_akd_ckd_recovery
c_queries,V8-C-0189,C,V8-REL-5A3B250DDCCE92ED,2,0,1,1,1,0.5,0.6309297535714575,definition_staging;aki_akd_ckd_recovery
c_queries,V8-A-0190,A,V8-REL-D4D42B2AB8E50DFB,1,1,1,1,1,1.0,1.0,definition_staging;sepsis_critical_care
c_queries,V8-B-0190,B,V8-REL-D4D42B2AB8E50DFB,1,1,1,1,1,1.0,1.0,definition_staging;sepsis_critical_care
c_queries,V8-C-0190,C,V8-REL-D4D42B2AB8E50DFB,1,1,1,1,1,1.0,1.0,definition_staging;sepsis_critical_care
c_queries,V8-A-0191,A,V8-REL-68A51867162AAD7F,1,1,1,1,1,1.0,1.0,definition_staging
c_queries,V8-B-0191,B,V8-REL-68A51867162AAD7F,2,0,1,1,1,0.5,0.6309297535714575,definition_staging
c_queries,V8-C-0191,C,V8-REL-68A51867162AAD7F,2,0,1,1,1,0.5,0.6309297535714575,definition_staging
c_queries,V8-A-0192,A,V8-REL-835882D146D7A19F,1,1,1,1,1,1.0,1.0,definition_staging
c_queries,V8-B-0192,B,V8-REL-835882D146D7A19F,1,1,1,1,1,1.0,1.0,definition_staging
c_queries,V8-C-0192,C,V8-REL-835882D146D7A19F,1,1,1,1,1,1.0,1.0,definition_staging
c_queries,V8-A-0193,A,V8-REL-95F569BA38695395,1,1,1,1,1,1.0,1.0,definition_staging
c_queries,V8-B-0193,B,V8-REL-95F569BA38695395,1,1,1,1,1,1.0,1.0,definition_staging
c_queries,V8-C-0193,C,V8-REL-95F569BA38695395,1,1,1,1,1,1.0,1.0,definition_staging
c_queries,V8-A-0194,A,V8-REL-3867B4362DF9BDF7,1,1,1,1,1,1.0,1.0,definition_staging;cardiac_surgery;neonatal_aki;oncology_bmt_hsct
c_queries,V8-B-0194,B,V8-REL-3867B4362DF9BDF7,10,0,0,1,1,0.1,0.2890648263178879,definition_staging;cardiac_surgery;neonatal_aki;oncology_bmt_hsct
c_queries,V8-C-0194,C,V8-REL-3867B4362DF9BDF7,1,1,1,1,1,1.0,1.0,definition_staging;cardiac_surgery;neonatal_aki;oncology_bmt_hsct
c_queries,V8-A-0195,A,V8-REL-AECCB72A83743C64,1,1,1,1,1,1.0,1.0,definition_staging;outcomes_mortality
c_queries,V8-B-0195,B,V8-REL-AECCB72A83743C64,2,0,1,1,1,0.5,0.6309297535714575,definition_staging;outcomes_mortality
c_queries,V8-C-0195,C,V8-REL-AECCB72A83743C64,1,1,1,1,1,1.0,1.0,definition_staging;outcomes_mortality
c_queries,V8-A-0196,A,V8-REL-7A917386763B36FA,1,1,1,1,1,1.0,1.0,definition_staging;cardiac_surgery;outcomes_mortality
c_queries,V8-B-0196,B,V8-REL-7A917386763B36FA,4,0,1,1,1,0.25,0.43067655807339306,definition_staging;cardiac_surgery;outcomes_mortality
c_queries,V8-C-0196,C,V8-REL-7A917386763B36FA,2,0,1,1,1,0.5,0.6309297535714575,definition_staging;cardiac_surgery;outcomes_mortality
c_queries,V8-A-0197,A,V8-REL-C21EA68DE6AA997D,1,1,1,1,1,1.0,1.0,definition_staging;aki_akd_ckd_recovery
c_queries,V8-B-0197,B,V8-REL-C21EA68DE6AA997D,1,1,1,1,1,1.0,1.0,definition_staging;aki_akd_ckd_recovery
c_queries,V8-C-0197,C,V8-REL-C21EA68DE6AA997D,1,1,1,1,1,1.0,1.0,definition_staging;aki_akd_ckd_recovery
c_queries,V8-A-0198,A,V8-REL-637ACA2ADAE80C87,1,1,1,1,1,1.0,1.0,definition_staging;cardiac_surgery;outcomes_mortality;oncology_bmt_hsct
c_queries,V8-B-0198,B,V8-REL-637ACA2ADAE80C87,1,1,1,1,1,1.0,1.0,definition_staging;cardiac_surgery;outcomes_mortality;oncology_bmt_hsct
c_queries,V8-C-0198,C,V8-REL-637ACA2ADAE80C87,1,1,1,1,1,1.0,1.0,definition_staging;cardiac_surgery;outcomes_mortality;oncology_bmt_hsct
c_queries,V8-A-0199,A,V8-REL-52201355E0C4B6C8,1,1,1,1,1,1.0,1.0,definition_staging;aki_akd_ckd_recovery
c_queries,V8-B-0199,B,V8-REL-52201355E0C4B6C8,1,1,1,1,1,1.0,1.0,definition_staging;aki_akd_ckd_recovery
c_queries,V8-C-0199,C,V8-REL-52201355E0C4B6C8,1,1,1,1,1,1.0,1.0,definition_staging;aki_akd_ckd_recovery
c_queries,V8-A-0200,A,V8-REL-129EF525C48F8246,1,1,1,1,1,1.0,1.0,definition_staging
c_queries,V8-B-0200,B,V8-REL-129EF525C48F8246,1,1,1,1,1,1.0,1.0,definition_staging
c_queries,V8-C-0200,C,V8-REL-129EF525C48F8246,1,1,1,1,1,1.0,1.0,definition_staging
c_queries,V8-A-0201,A,V8-REL-6C18EB60FCB36AB9,1,1,1,1,1,1.0,1.0,aki_akd_ckd_recovery
c_queries,V8-B-0201,B,V8-REL-6C18EB60FCB36AB9,3,0,1,1,1,0.3333333333333333,0.5,aki_akd_ckd_recovery
c_queries,V8-C-0201,C,V8-REL-6C18EB60FCB36AB9,1,1,1,1,1,1.0,1.0,aki_akd_ckd_recovery
c_queries,V8-A-0202,A,V8-REL-E141D58621A56FA2,1,1,1,1,1,1.0,1.0,outcomes_mortality
c_queries,V8-B-0202,B,V8-REL-E141D58621A56FA2,1,1,1,1,1,1.0,1.0,outcomes_mortality
c_queries,V8-C-0202,C,V8-REL-E141D58621A56FA2,1,1,1,1,1,1.0,1.0,outcomes_mortality
c_queries,V8-A-0203,A,V8-REL-6D60B0C8C856B445,1,1,1,1,1,1.0,1.0,definition_staging
c_queries,V8-B-0203,B,V8-REL-6D60B0C8C856B445,3,0,1,1,1,0.3333333333333333,0.5,definition_staging
c_queries,V8-C-0203,C,V8-REL-6D60B0C8C856B445,3,0,1,1,1,0.3333333333333333,0.5,definition_staging
c_queries,V8-A-0204,A,V8-REL-950305E60E454E9A,1,1,1,1,1,1.0,1.0,definition_staging
c_queries,V8-B-0204,B,V8-REL-950305E60E454E9A,1,1,1,1,1,1.0,1.0,definition_staging
c_queries,V8-C-0204,C,V8-REL-950305E60E454E9A,1,1,1,1,1,1.0,1.0,definition_staging
c_queries,V8-A-0205,A,V8-REL-F85A2968E32129B5,1,1,1,1,1,1.0,1.0,aki_akd_ckd_recovery
c_queries,V8-B-0205,B,V8-REL-F85A2968E32129B5,2,0,1,1,1,0.5,0.6309297535714575,aki_akd_ckd_recovery
c_queries,V8-C-0205,C,V8-REL-F85A2968E32129B5,3,0,1,1,1,0.3333333333333333,0.5,aki_akd_ckd_recovery
c_queries,V8-A-0206,A,V8-REL-76B163CEA1D4B76C,1,1,1,1,1,1.0,1.0,aki_akd_ckd_recovery
c_queries,V8-B-0206,B,V8-REL-76B163CEA1D4B76C,2,0,1,1,1,0.5,0.6309297535714575,aki_akd_ckd_recovery
c_queries,V8-C-0206,C,V8-REL-76B163CEA1D4B76C,4,0,1,1,1,0.25,0.43067655807339306,aki_akd_ckd_recovery
c_queries,V8-A-0207,A,V8-REL-A2427A1F169ECBD9,1,1,1,1,1,1.0,1.0,definition_staging;aki_akd_ckd_recovery
c_queries,V8-B-0207,B,V8-REL-A2427A1F169ECBD9,1,1,1,1,1,1.0,1.0,definition_staging;aki_akd_ckd_recovery
c_queries,V8-C-0207,C,V8-REL-A2427A1F169ECBD9,1,1,1,1,1,1.0,1.0,definition_staging;aki_akd_ckd_recovery
c_queries,V8-A-0208,A,V8-REL-A8C4F2ABEFCF759F,1,1,1,1,1,1.0,1.0,definition_staging;aki_akd_ckd_recovery
c_queries,V8-B-0208,B,V8-REL-A8C4F2ABEFCF759F,1,1,1,1,1,1.0,1.0,definition_staging;aki_akd_ckd_recovery
c_queries,V8-C-0208,C,V8-REL-A8C4F2ABEFCF759F,1,1,1,1,1,1.0,1.0,definition_staging;aki_akd_ckd_recovery
c_queries,V8-A-0209,A,V8-REL-CE4811FE1AFD9EFF,1,1,1,1,1,1.0,1.0,definition_staging;outcomes_mortality
c_queries,V8-B-0209,B,V8-REL-CE4811FE1AFD9EFF,1,1,1,1,1,1.0,1.0,definition_staging;outcomes_mortality
c_queries,V8-C-0209,C,V8-REL-CE4811FE1AFD9EFF,1,1,1,1,1,1.0,1.0,definition_staging;outcomes_mortality
c_queries,V8-A-0210,A,V8-REL-3E5A6AD085B6FB82,1,1,1,1,1,1.0,1.0,definition_staging;cardiac_surgery;outcomes_mortality;oncology_bmt_hsct
c_queries,V8-B-0210,B,V8-REL-3E5A6AD085B6FB82,5,0,1,1,1,0.2,0.38685280723454163,definition_staging;cardiac_surgery;outcomes_mortality;oncology_bmt_hsct
c_queries,V8-C-0210,C,V8-REL-3E5A6AD085B6FB82,1,1,1,1,1,1.0,1.0,definition_staging;cardiac_surgery;outcomes_mortality;oncology_bmt_hsct
c_queries,V8-A-0211,A,V8-REL-2DFE17595143F680,1,1,1,1,1,1.0,1.0,definition_staging;outcomes_mortality
c_queries,V8-B-0211,B,V8-REL-2DFE17595143F680,1,1,1,1,1,1.0,1.0,definition_staging;outcomes_mortality
c_queries,V8-C-0211,C,V8-REL-2DFE17595143F680,1,1,1,1,1,1.0,1.0,definition_staging;outcomes_mortality
c_queries,V8-A-0212,A,V8-REL-1FC6814D11768B64,1,1,1,1,1,1.0,1.0,definition_staging
c_queries,V8-B-0212,B,V8-REL-1FC6814D11768B64,1,1,1,1,1,1.0,1.0,definition_staging
c_queries,V8-C-0212,C,V8-REL-1FC6814D11768B64,2,0,1,1,1,0.5,0.6309297535714575,definition_staging
c_queries,V8-A-0213,A,V8-REL-0B0576F55FCBDDF1,1,1,1,1,1,1.0,1.0,definition_staging;cardiac_surgery;outcomes_mortality
c_queries,V8-B-0213,B,V8-REL-0B0576F55FCBDDF1,1,1,1,1,1,1.0,1.0,definition_staging;cardiac_surgery;outcomes_mortality
c_queries,V8-C-0213,C,V8-REL-0B0576F55FCBDDF1,1,1,1,1,1,1.0,1.0,definition_staging;cardiac_surgery;outcomes_mortality
c_queries,V8-A-0214,A,V8-REL-E6ECC62DA843D476,1,1,1,1,1,1.0,1.0,definition_staging;aki_akd_ckd_recovery;oncology_bmt_hsct
c_queries,V8-B-0214,B,V8-REL-E6ECC62DA843D476,2,0,1,1,1,0.5,0.6309297535714575,definition_staging;aki_akd_ckd_recovery;oncology_bmt_hsct
c_queries,V8-C-0214,C,V8-REL-E6ECC62DA843D476,1,1,1,1,1,1.0,1.0,definition_staging;aki_akd_ckd_recovery;oncology_bmt_hsct
c_queries,V8-A-0215,A,V8-REL-848B162F34C2306F,1,1,1,1,1,1.0,1.0,definition_staging;outcomes_mortality;oncology_bmt_hsct
c_queries,V8-B-0215,B,V8-REL-848B162F34C2306F,3,0,1,1,1,0.3333333333333333,0.5,definition_staging;outcomes_mortality;oncology_bmt_hsct
c_queries,V8-C-0215,C,V8-REL-848B162F34C2306F,1,1,1,1,1,1.0,1.0,definition_staging;outcomes_mortality;oncology_bmt_hsct
c_queries,V8-A-0216,A,V8-REL-4B0AE3A9DBA42958,1,1,1,1,1,1.0,1.0,definition_staging;sepsis_critical_care;cardiac_surgery
c_queries,V8-B-0216,B,V8-REL-4B0AE3A9DBA42958,5,0,1,1,1,0.2,0.38685280723454163,definition_staging;sepsis_critical_care;cardiac_surgery
c_queries,V8-C-0216,C,V8-REL-4B0AE3A9DBA42958,1,1,1,1,1,1.0,1.0,definition_staging;sepsis_critical_care;cardiac_surgery
c_queries,V8-A-0217,A,V8-REL-8649E6BA8D42BFE8,1,1,1,1,1,1.0,1.0,definition_staging;aki_akd_ckd_recovery
c_queries,V8-B-0217,B,V8-REL-8649E6BA8D42BFE8,1,1,1,1,1,1.0,1.0,definition_staging;aki_akd_ckd_recovery
c_queries,V8-C-0217,C,V8-REL-8649E6BA8D42BFE8,1,1,1,1,1,1.0,1.0,definition_staging;aki_akd_ckd_recovery
c_queries,V8-A-0218,A,V8-REL-C08B18512A2BBF05,1,1,1,1,1,1.0,1.0,definition_staging;outcomes_mortality;oncology_bmt_hsct
c_queries,V8-B-0218,B,V8-REL-C08B18512A2BBF05,1,1,1,1,1,1.0,1.0,definition_staging;outcomes_mortality;oncology_bmt_hsct
c_queries,V8-C-0218,C,V8-REL-C08B18512A2BBF05,1,1,1,1,1,1.0,1.0,definition_staging;outcomes_mortality;oncology_bmt_hsct
c_queries,V8-A-0219,A,V8-REL-54F336ED76EE7093,1,1,1,1,1,1.0,1.0,definition_staging;sepsis_critical_care;neonatal_aki;outcomes_mortality
c_queries,V8-B-0219,B,V8-REL-54F336ED76EE7093,4,0,1,1,1,0.25,0.43067655807339306,definition_staging;sepsis_critical_care;neonatal_aki;outcomes_mortality
c_queries,V8-C-0219,C,V8-REL-54F336ED76EE7093,1,1,1,1,1,1.0,1.0,definition_staging;sepsis_critical_care;neonatal_aki;outcomes_mortality
c_queries,V8-A-0220,A,V8-REL-DAEDF38FBFC2A05F,1,1,1,1,1,1.0,1.0,definition_staging
c_queries,V8-B-0220,B,V8-REL-DAEDF38FBFC2A05F,2,0,1,1,1,0.5,0.6309297535714575,definition_staging
c_queries,V8-C-0220,C,V8-REL-DAEDF38FBFC2A05F,2,0,1,1,1,0.5,0.6309297535714575,definition_staging
c_queries,V8-A-0221,A,V8-REL-55F2B7D695EBE8BF,1,1,1,1,1,1.0,1.0,definition_staging;neonatal_aki
c_queries,V8-B-0221,B,V8-REL-55F2B7D695EBE8BF,4,0,1,1,1,0.25,0.43067655807339306,definition_staging;neonatal_aki
c_queries,V8-C-0221,C,V8-REL-55F2B7D695EBE8BF,1,1,1,1,1,1.0,1.0,definition_staging;neonatal_aki
c_queries,V8-A-0222,A,V8-REL-C91C90EC370D1770,1,1,1,1,1,1.0,1.0,definition_staging;sepsis_critical_care;cardiac_surgery
c_queries,V8-B-0222,B,V8-REL-C91C90EC370D1770,7,0,0,1,1,0.14285714285714285,0.3333333333333333,definition_staging;sepsis_critical_care;cardiac_surgery
c_queries,V8-C-0222,C,V8-REL-C91C90EC370D1770,2,0,1,1,1,0.5,0.6309297535714575,definition_staging;sepsis_critical_care;cardiac_surgery
c_queries,V8-A-0223,A,V8-REL-DC4A52BD190BCA62,1,1,1,1,1,1.0,1.0,definition_staging;outcomes_mortality
c_queries,V8-B-0223,B,V8-REL-DC4A52BD190BCA62,1,1,1,1,1,1.0,1.0,definition_staging;outcomes_mortality
c_queries,V8-C-0223,C,V8-REL-DC4A52BD190BCA62,1,1,1,1,1,1.0,1.0,definition_staging;outcomes_mortality
c_queries,V8-A-0224,A,V8-REL-EAE213814C887275,1,1,1,1,1,1.0,1.0,definition_staging;cardiac_surgery
c_queries,V8-B-0224,B,V8-REL-EAE213814C887275,2,0,1,1,1,0.5,0.6309297535714575,definition_staging;cardiac_surgery
c_queries,V8-C-0224,C,V8-REL-EAE213814C887275,1,1,1,1,1,1.0,1.0,definition_staging;cardiac_surgery
c_queries,V8-A-0225,A,V8-REL-F8F15619A78995EB,1,1,1,1,1,1.0,1.0,definition_staging
c_queries,V8-B-0225,B,V8-REL-F8F15619A78995EB,1,1,1,1,1,1.0,1.0,definition_staging
c_queries,V8-C-0225,C,V8-REL-F8F15619A78995EB,1,1,1,1,1,1.0,1.0,definition_staging
